Waktu,Username,Pesan,Video ID,Video Title,Sentiment
0,@pranoto369,siap menunggu,uf8q3XI2Cqs,ASN Belajar Seri 35 | 2026 - Pancasila dan Semangat Bela Negara dalam Pengabdian ASN,Neutral - Discussion
0,@ambaguspantjaputradjaja8700,pagi,uf8q3XI2Cqs,ASN Belajar Seri 35 | 2026 - Pancasila dan Semangat Bela Negara dalam Pengabdian ASN,Neutral - Discussion
0,@Bunida-mo3uc,Bunida kcamatsn kslisat,uf8q3XI2Cqs,ASN Belajar Seri 35 | 2026 - Pancasila dan Semangat Bela Negara dalam Pengabdian ASN,Neutral - Discussion
0,@melannovianingsih3919,knp blm mulai,uf8q3XI2Cqs,ASN Belajar Seri 35 | 2026 - Pancasila dan Semangat Bela Negara dalam Pengabdian ASN,Neutral - Discussion
41,@PuputSaputra-qc2iz,haddiiir,uf8q3XI2Cqs,ASN Belajar Seri 35 | 2026 - Pancasila dan Semangat Bela Negara dalam Pengabdian ASN,Neutral - Discussion
58,@sarimoWalid,sarimo kec.pakusari hadik,uf8q3XI2Cqs,ASN Belajar Seri 35 | 2026 - Pancasila dan Semangat Bela Negara dalam Pengabdian ASN,Neutral - Discussion
210,@wawanhernawan4042,Biro Adpim Setda Prov. Jawa Barat,uf8q3XI2Cqs,ASN Belajar Seri 35 | 2026 - Pancasila dan Semangat Bela Negara dalam Pengabdian ASN,Neutral - Discussion
210,@Athallah_jo,haidar,uf8q3XI2Cqs,ASN Belajar Seri 35 | 2026 - Pancasila dan Semangat Bela Negara dalam Pengabdian ASN,Neutral - Discussion
304,@jumatulrahman-yo5kd,jumatul rahman inspektorat daerah kabupaten bangka barat hadir,uf8q3XI2Cqs,ASN Belajar Seri 35 | 2026 - Pancasila dan Semangat Bela Negara dalam Pengabdian ASN,Neutral - Discussion
461,@irfansadli6689,zoom sudah full,uf8q3XI2Cqs,ASN Belajar Seri 35 | 2026 - Pancasila dan Semangat Bela Negara dalam Pengabdian ASN,Neutral - Discussion
485,@yudikurniawan4434,yudi kel,uf8q3XI2Cqs,ASN Belajar Seri 35 | 2026 - Pancasila dan Semangat Bela Negara dalam Pengabdian ASN,Neutral - Discussion
582,@pujiandriani8931,PUJI ANDRIANI SMK NEGERI WONOSALAM JOMBANG,uf8q3XI2Cqs,ASN Belajar Seri 35 | 2026 - Pancasila dan Semangat Bela Negara dalam Pengabdian ASN,Neutral - Discussion
938,@hariyonoditya2416,Hari SMAGAM Banyuwangi,uf8q3XI2Cqs,ASN Belajar Seri 35 | 2026 - Pancasila dan Semangat Bela Negara dalam Pengabdian ASN,Neutral - Discussion
1034,@AndrieGondronk-b1k,DKP KAB MALANG,uf8q3XI2Cqs,ASN Belajar Seri 35 | 2026 - Pancasila dan Semangat Bela Negara dalam Pengabdian ASN,Neutral - Discussion
1039,@Evilira1851,Evilira S. Th,uf8q3XI2Cqs,ASN Belajar Seri 35 | 2026 - Pancasila dan Semangat Bela Negara dalam Pengabdian ASN,Neutral - Discussion
1043,@RahmiInayah-p3r,"BPSDM Provinsi Maluku, Rahmi Unaya Pelu",uf8q3XI2Cqs,ASN Belajar Seri 35 | 2026 - Pancasila dan Semangat Bela Negara dalam Pengabdian ASN,Neutral - Discussion
1057,@sulistianimuntoni6895,Sulistiani,uf8q3XI2Cqs,ASN Belajar Seri 35 | 2026 - Pancasila dan Semangat Bela Negara dalam Pengabdian ASN,Neutral - Discussion
1067,@dianariswahyudi162,haadiirr,uf8q3XI2Cqs,ASN Belajar Seri 35 | 2026 - Pancasila dan Semangat Bela Negara dalam Pengabdian ASN,Neutral - Discussion
1087,@emakoswara1769,Ema Biro Administrasi Pimpinan Provinsi Jawa Barat mengikuti,uf8q3XI2Cqs,ASN Belajar Seri 35 | 2026 - Pancasila dan Semangat Bela Negara dalam Pengabdian ASN,Neutral - Discussion
1252,@irwanyulianto-d9c,irwan,uf8q3XI2Cqs,ASN Belajar Seri 35 | 2026 - Pancasila dan Semangat Bela Negara dalam Pengabdian ASN,Neutral - Discussion
1319,@dedekrider1671,hadirlagi,uf8q3XI2Cqs,ASN Belajar Seri 35 | 2026 - Pancasila dan Semangat Bela Negara dalam Pengabdian ASN,Neutral - Discussion
1344,@YULIATIUTAMI81,yuliati,uf8q3XI2Cqs,ASN Belajar Seri 35 | 2026 - Pancasila dan Semangat Bela Negara dalam Pengabdian ASN,Neutral - Discussion
1396,@NENIN-t8z,hadit,uf8q3XI2Cqs,ASN Belajar Seri 35 | 2026 - Pancasila dan Semangat Bela Negara dalam Pengabdian ASN,Neutral - Discussion
1465,@mansyurrizal5220,Manyurizal,uf8q3XI2Cqs,ASN Belajar Seri 35 | 2026 - Pancasila dan Semangat Bela Negara dalam Pengabdian ASN,Neutral - Discussion
1469,@pujiastutik-eo1em,puji Astutik Kominfo Kab Malang,uf8q3XI2Cqs,ASN Belajar Seri 35 | 2026 - Pancasila dan Semangat Bela Negara dalam Pengabdian ASN,Neutral - Discussion
1474,@harharjito9947,uptd pengelolaan jalan wilayah tlogosari bws...hadir,uf8q3XI2Cqs,ASN Belajar Seri 35 | 2026 - Pancasila dan Semangat Bela Negara dalam Pengabdian ASN,Neutral - Discussion
1580,@luhardisi,hadit,uf8q3XI2Cqs,ASN Belajar Seri 35 | 2026 - Pancasila dan Semangat Bela Negara dalam Pengabdian ASN,Neutral - Discussion
1601,@SetiyoSudarwoko,skb kab malang,uf8q3XI2Cqs,ASN Belajar Seri 35 | 2026 - Pancasila dan Semangat Bela Negara dalam Pengabdian ASN,Neutral - Discussion
1605,@sriutami2777,PMK cabdin Probolinggo,uf8q3XI2Cqs,ASN Belajar Seri 35 | 2026 - Pancasila dan Semangat Bela Negara dalam Pengabdian ASN,Neutral - Discussion
1694,@pranoto369,materi sangat menarik,uf8q3XI2Cqs,ASN Belajar Seri 35 | 2026 - Pancasila dan Semangat Bela Negara dalam Pengabdian ASN,Neutral - Discussion
1723,@hartono7072,Hadit........,uf8q3XI2Cqs,ASN Belajar Seri 35 | 2026 - Pancasila dan Semangat Bela Negara dalam Pengabdian ASN,Neutral - Discussion
1759,@Subiyantoro-j2r,"Subiyantoro Bag Umum,Prokopim Jember Jadir.",uf8q3XI2Cqs,ASN Belajar Seri 35 | 2026 - Pancasila dan Semangat Bela Negara dalam Pengabdian ASN,Neutral - Discussion
1852,@tigabelas4503,menyaksikan webinar,uf8q3XI2Cqs,ASN Belajar Seri 35 | 2026 - Pancasila dan Semangat Bela Negara dalam Pengabdian ASN,Neutral - Discussion
1892,@mochsuyanto6058,suyanto hadeir,uf8q3XI2Cqs,ASN Belajar Seri 35 | 2026 - Pancasila dan Semangat Bela Negara dalam Pengabdian ASN,Neutral - Discussion
2060,@agungyudyana645,"Kalau ASN itu rata2 pny komitmen ""One Nation"", namun justru yg mjd persoalan bagimana cara menumbuhkembangkan One Nation di KKB dan GAM ya??",uf8q3XI2Cqs,ASN Belajar Seri 35 | 2026 - Pancasila dan Semangat Bela Negara dalam Pengabdian ASN,Neutral - Discussion
2102,@dianretnohapsari2348,BANGKA BELITUNG ,uf8q3XI2Cqs,ASN Belajar Seri 35 | 2026 - Pancasila dan Semangat Bela Negara dalam Pengabdian ASN,Neutral - Discussion
2230,@agungyudyana645,"Klau ASN rata2 msih pny komitmen One Nation, justru yg mjd persoalan bgaimana cara menumbuhkembangkan One Nation thd KKB dan GAM ya",uf8q3XI2Cqs,ASN Belajar Seri 35 | 2026 - Pancasila dan Semangat Bela Negara dalam Pengabdian ASN,Neutral - Discussion
2295,@Rasidinferiadriansyah,Batam - Kepulauan Riau (Kepri),uf8q3XI2Cqs,ASN Belajar Seri 35 | 2026 - Pancasila dan Semangat Bela Negara dalam Pengabdian ASN,Neutral - Discussion
2299,@sukirmansos,semangat,uf8q3XI2Cqs,ASN Belajar Seri 35 | 2026 - Pancasila dan Semangat Bela Negara dalam Pengabdian ASN,Neutral - Discussion
2462,@nurulmahmudah2769,nurul biro kesra,uf8q3XI2Cqs,ASN Belajar Seri 35 | 2026 - Pancasila dan Semangat Bela Negara dalam Pengabdian ASN,Neutral - Discussion
2478,@heriyantozaky7634,haadiiir,uf8q3XI2Cqs,ASN Belajar Seri 35 | 2026 - Pancasila dan Semangat Bela Negara dalam Pengabdian ASN,Neutral - Discussion
2501,@heriyantozaky7634,MENimak,uf8q3XI2Cqs,ASN Belajar Seri 35 | 2026 - Pancasila dan Semangat Bela Negara dalam Pengabdian ASN,Neutral - Discussion
2518,@heriyantozaky7634,mantaab,uf8q3XI2Cqs,ASN Belajar Seri 35 | 2026 - Pancasila dan Semangat Bela Negara dalam Pengabdian ASN,Neutral - Discussion
2520,@marantikagita1459,SMP Negeri 1 Ngantang,uf8q3XI2Cqs,ASN Belajar Seri 35 | 2026 - Pancasila dan Semangat Bela Negara dalam Pengabdian ASN,Neutral - Discussion
2557,@heriyantozaky7634,lanjutkan,uf8q3XI2Cqs,ASN Belajar Seri 35 | 2026 - Pancasila dan Semangat Bela Negara dalam Pengabdian ASN,Neutral - Discussion
2600,@arineztynenoz1245,bismillah,uf8q3XI2Cqs,ASN Belajar Seri 35 | 2026 - Pancasila dan Semangat Bela Negara dalam Pengabdian ASN,Neutral - Discussion
2648,@nurulmahmudah2769,nurul mahmudah,uf8q3XI2Cqs,ASN Belajar Seri 35 | 2026 - Pancasila dan Semangat Bela Negara dalam Pengabdian ASN,Neutral - Discussion
2684,@sanbay-20,betul banget ,uf8q3XI2Cqs,ASN Belajar Seri 35 | 2026 - Pancasila dan Semangat Bela Negara dalam Pengabdian ASN,Neutral - Discussion
2709,@heriyantozaky7634,KECAMATAN MANDING KABUPATEN SUMENEP SIAP MENGIKUTI SAMPAI AKHIR,uf8q3XI2Cqs,ASN Belajar Seri 35 | 2026 - Pancasila dan Semangat Bela Negara dalam Pengabdian ASN,Neutral - Discussion
2734,@IrmaHardiyantiWidiHastuti,UPTD SMPN 1 GALIS ,uf8q3XI2Cqs,ASN Belajar Seri 35 | 2026 - Pancasila dan Semangat Bela Negara dalam Pengabdian ASN,Neutral - Discussion
2757,@mahardikaalamsyah5556,Musrifah bagian tata pemerintahan Setda Pemkab gresik,uf8q3XI2Cqs,ASN Belajar Seri 35 | 2026 - Pancasila dan Semangat Bela Negara dalam Pengabdian ASN,Neutral - Discussion
2848,@fatmawatibima4446,"Fatmawati Bima, Hadi ",uf8q3XI2Cqs,ASN Belajar Seri 35 | 2026 - Pancasila dan Semangat Bela Negara dalam Pengabdian ASN,Neutral - Discussion
2849,@dityaarissy8493,Ditya Arissy Agustirta_DP2KBP3A Kabupaten Karimun,uf8q3XI2Cqs,ASN Belajar Seri 35 | 2026 - Pancasila dan Semangat Bela Negara dalam Pengabdian ASN,Neutral - Discussion
2938,@SUBURGO,SD negeri 1 Dampit kab. Malang,uf8q3XI2Cqs,ASN Belajar Seri 35 | 2026 - Pancasila dan Semangat Bela Negara dalam Pengabdian ASN,Neutral - Discussion
3055,@fauzymilanisti552,"uptd pengelolaan jalan wilayah Tlogosari Bondowoso.,,,hadir",uf8q3XI2Cqs,ASN Belajar Seri 35 | 2026 - Pancasila dan Semangat Bela Negara dalam Pengabdian ASN,Neutral - Discussion
3149,@Abdulkholiqsdn2panggungrejokep,masi yimak,uf8q3XI2Cqs,ASN Belajar Seri 35 | 2026 - Pancasila dan Semangat Bela Negara dalam Pengabdian ASN,Neutral - Discussion
3153,@tigabelas4503,BPSDM Prov.Jatim.,uf8q3XI2Cqs,ASN Belajar Seri 35 | 2026 - Pancasila dan Semangat Bela Negara dalam Pengabdian ASN,Neutral - Discussion
3186,@tigabelas4503,masih menyaksikan,uf8q3XI2Cqs,ASN Belajar Seri 35 | 2026 - Pancasila dan Semangat Bela Negara dalam Pengabdian ASN,Neutral - Discussion
3217,@tigabelas4503,Bela Negara Tidak Telat bekerja dan Tidak Korupsi itu sudah baik,uf8q3XI2Cqs,ASN Belajar Seri 35 | 2026 - Pancasila dan Semangat Bela Negara dalam Pengabdian ASN,Neutral - Discussion
3274,@tigabelas4503,bekerja sesuai TUPOKSI dan Jobdisnya,uf8q3XI2Cqs,ASN Belajar Seri 35 | 2026 - Pancasila dan Semangat Bela Negara dalam Pengabdian ASN,Neutral - Discussion
3310,@edysyahputra-g7h,Edi Syahputra BBWSS II MEDAN mengikuti,uf8q3XI2Cqs,ASN Belajar Seri 35 | 2026 - Pancasila dan Semangat Bela Negara dalam Pengabdian ASN,Neutral - Discussion
3422,@SiswantoSiswanto-j8w,"Dari Siswanto/Kemenag Kab. Bogor: Pak Narsum, membaca doa upacara peringatan Hapsak tadi pagi, sungguh sangat bergetar rasa hati, kalimat demi kalimat indah tersusun rapi, ",uf8q3XI2Cqs,ASN Belajar Seri 35 | 2026 - Pancasila dan Semangat Bela Negara dalam Pengabdian ASN,Neutral - Discussion
3432,@SiswantoSiswanto-j8w,"namun juga menjadi bahan introspeksi diri, cuplikan aline pertama: ""Ya Allah, Tuhan Yang Maha Pemberi Anugerahi kami kejujuran dan kerendahan hati Anugerahi kami untuk selalu menghargai ",uf8q3XI2Cqs,ASN Belajar Seri 35 | 2026 - Pancasila dan Semangat Bela Negara dalam Pengabdian ASN,Neutral - Discussion
3436,@SiswantoSiswanto-j8w,"Anugerahi kami kemampuan selalu berbakti Anugerahi kami senantiasa pandai mengapresiasi"", bgmn upaya menanamkan integritas dan menjaganya di kalangan ASN, core value BERAKHLAK?",uf8q3XI2Cqs,ASN Belajar Seri 35 | 2026 - Pancasila dan Semangat Bela Negara dalam Pengabdian ASN,Neutral - Discussion
3455,@endroprajitno8057,Masih ada,uf8q3XI2Cqs,ASN Belajar Seri 35 | 2026 - Pancasila dan Semangat Bela Negara dalam Pengabdian ASN,Neutral - Discussion
3516,@buasanbpbd302,KOTA PASURUAN,uf8q3XI2Cqs,ASN Belajar Seri 35 | 2026 - Pancasila dan Semangat Bela Negara dalam Pengabdian ASN,Neutral - Discussion
3535,@mandriwinata7515,m,uf8q3XI2Cqs,ASN Belajar Seri 35 | 2026 - Pancasila dan Semangat Bela Negara dalam Pengabdian ASN,Neutral - Discussion
3667,@abdulchamid963,Disbudpar Provinsi Jawa Timur,uf8q3XI2Cqs,ASN Belajar Seri 35 | 2026 - Pancasila dan Semangat Bela Negara dalam Pengabdian ASN,Neutral - Discussion
3695,@abbasadam4174,Abbas Adam,uf8q3XI2Cqs,ASN Belajar Seri 35 | 2026 - Pancasila dan Semangat Bela Negara dalam Pengabdian ASN,Neutral - Discussion
3695,@muhammadsuudin8033,kedamean,uf8q3XI2Cqs,ASN Belajar Seri 35 | 2026 - Pancasila dan Semangat Bela Negara dalam Pengabdian ASN,Neutral - Discussion
3701,@abdulchamid963,Sistem yang permanen dan kolaborasi... ,uf8q3XI2Cqs,ASN Belajar Seri 35 | 2026 - Pancasila dan Semangat Bela Negara dalam Pengabdian ASN,Neutral - Discussion
3707,@muhammadsuudin8033,ok,uf8q3XI2Cqs,ASN Belajar Seri 35 | 2026 - Pancasila dan Semangat Bela Negara dalam Pengabdian ASN,Neutral - Discussion
3746,@fauzymilanisti552,"perbedaan utama antara pemimpin dan atasan terletak pada orientasi, tanggung jawab moral (amanah), serta cara pandang terhadap orang yang dipimpinnya.",uf8q3XI2Cqs,ASN Belajar Seri 35 | 2026 - Pancasila dan Semangat Bela Negara dalam Pengabdian ASN,Neutral - Discussion
3758,@abdulchamid963,BPSDM Provinsi Jawa Timur Mantaaabbb,uf8q3XI2Cqs,ASN Belajar Seri 35 | 2026 - Pancasila dan Semangat Bela Negara dalam Pengabdian ASN,Neutral - Discussion
3788,@pranoto369,belajar sambil mengingat sejarah,uf8q3XI2Cqs,ASN Belajar Seri 35 | 2026 - Pancasila dan Semangat Bela Negara dalam Pengabdian ASN,Neutral - Discussion
3802,@abdulchamid963,one nation for ASN,uf8q3XI2Cqs,ASN Belajar Seri 35 | 2026 - Pancasila dan Semangat Bela Negara dalam Pengabdian ASN,Neutral - Discussion
3832,@atiqamanahretnapalupi1467,"Izin bertanya utk Pak Tri (NS ) melanjutkan pertanyaan dari Purworejo, Bagaimana/upaya kita sebagai ASN strategis utk bisa membangun sistem permanen? (Atiq_ Widyaiswara Bapelkes Cikarang Kemkes)",uf8q3XI2Cqs,ASN Belajar Seri 35 | 2026 - Pancasila dan Semangat Bela Negara dalam Pengabdian ASN,Neutral - Discussion
3889,@muhammadsuudin8033,ayo,uf8q3XI2Cqs,ASN Belajar Seri 35 | 2026 - Pancasila dan Semangat Bela Negara dalam Pengabdian ASN,Neutral - Discussion
3893,@pranoto369,"one nation, one value",uf8q3XI2Cqs,ASN Belajar Seri 35 | 2026 - Pancasila dan Semangat Bela Negara dalam Pengabdian ASN,Neutral - Discussion
3905,@abdulchamid963,Satu Hari Satu Buku... ,uf8q3XI2Cqs,ASN Belajar Seri 35 | 2026 - Pancasila dan Semangat Bela Negara dalam Pengabdian ASN,Neutral - Discussion
3926,@muhammadsuudin8033,gresik,uf8q3XI2Cqs,ASN Belajar Seri 35 | 2026 - Pancasila dan Semangat Bela Negara dalam Pengabdian ASN,Neutral - Discussion
3936,@abdulchamid963,One nation one value,uf8q3XI2Cqs,ASN Belajar Seri 35 | 2026 - Pancasila dan Semangat Bela Negara dalam Pengabdian ASN,Neutral - Discussion
3939,@christiantodp,hâdïr & ményīmåk,uf8q3XI2Cqs,ASN Belajar Seri 35 | 2026 - Pancasila dan Semangat Bela Negara dalam Pengabdian ASN,Neutral - Discussion
4020,@muhammadsuudin8033,semangat,uf8q3XI2Cqs,ASN Belajar Seri 35 | 2026 - Pancasila dan Semangat Bela Negara dalam Pengabdian ASN,Neutral - Discussion
4029,@pranoto369,Pancasila Sakti,uf8q3XI2Cqs,ASN Belajar Seri 35 | 2026 - Pancasila dan Semangat Bela Negara dalam Pengabdian ASN,Neutral - Discussion
4070,@muhammadsuudin8033,kesaktian pancasila,uf8q3XI2Cqs,ASN Belajar Seri 35 | 2026 - Pancasila dan Semangat Bela Negara dalam Pengabdian ASN,Neutral - Discussion
4097,@pranoto369,purpose,uf8q3XI2Cqs,ASN Belajar Seri 35 | 2026 - Pancasila dan Semangat Bela Negara dalam Pengabdian ASN,Neutral - Discussion
4136,@ekopudjiono8343,masih disini....,uf8q3XI2Cqs,ASN Belajar Seri 35 | 2026 - Pancasila dan Semangat Bela Negara dalam Pengabdian ASN,Neutral - Discussion
4149,@muhammadsuudin8033,masih setia,uf8q3XI2Cqs,ASN Belajar Seri 35 | 2026 - Pancasila dan Semangat Bela Negara dalam Pengabdian ASN,Neutral - Discussion
4164,@laluazisfitriadi9416,siap menunggu materi selanjutnya.....,uf8q3XI2Cqs,ASN Belajar Seri 35 | 2026 - Pancasila dan Semangat Bela Negara dalam Pengabdian ASN,Neutral - Discussion
4165,@muhammadsuudin8033,ayo semangat,uf8q3XI2Cqs,ASN Belajar Seri 35 | 2026 - Pancasila dan Semangat Bela Negara dalam Pengabdian ASN,Neutral - Discussion
4215,@muhammadsuudin8033,mengamalkan nilai2 pancasila,uf8q3XI2Cqs,ASN Belajar Seri 35 | 2026 - Pancasila dan Semangat Bela Negara dalam Pengabdian ASN,Neutral - Discussion
4251,@DokterGheyaWaeee,"""Kesaktian Pancasila tidak terletak pada masa lalu, melainkan pada bagaimana kita menjaganya hari ini. ",uf8q3XI2Cqs,ASN Belajar Seri 35 | 2026 - Pancasila dan Semangat Bela Negara dalam Pengabdian ASN,Neutral - Discussion
4307,@muhammadsuudin8033,tetap semangat,uf8q3XI2Cqs,ASN Belajar Seri 35 | 2026 - Pancasila dan Semangat Bela Negara dalam Pengabdian ASN,Neutral - Discussion
4321,@muhammadsuudin8033,siap,uf8q3XI2Cqs,ASN Belajar Seri 35 | 2026 - Pancasila dan Semangat Bela Negara dalam Pengabdian ASN,Neutral - Discussion
4341,@DokterGheyaWaeee,"Sbg ASN, 'One Value' kita adalah Pancasila,dan 'One Purpose' kita adalah Indonesia Maju. Selamat memperingati Hari Kesaktian Pancasila. Mari berkarya dengan hati yang bersih dan semangat yang menyala!",uf8q3XI2Cqs,ASN Belajar Seri 35 | 2026 - Pancasila dan Semangat Bela Negara dalam Pengabdian ASN,Neutral - Discussion
4406,@ekopudjiono8343,selamat pagi....,uf8q3XI2Cqs,ASN Belajar Seri 35 | 2026 - Pancasila dan Semangat Bela Negara dalam Pengabdian ASN,Neutral - Discussion
4408,@ENYFEBRIYANTI-w3o,ini bisa absennya kalau zoom sudah selesai nggih?,uf8q3XI2Cqs,ASN Belajar Seri 35 | 2026 - Pancasila dan Semangat Bela Negara dalam Pengabdian ASN,Neutral - Discussion
4415,@pranoto369,"one nation, one value, one purpose",uf8q3XI2Cqs,ASN Belajar Seri 35 | 2026 - Pancasila dan Semangat Bela Negara dalam Pengabdian ASN,Neutral - Discussion
4417,@muhammadsuudin8033,minyak,uf8q3XI2Cqs,ASN Belajar Seri 35 | 2026 - Pancasila dan Semangat Bela Negara dalam Pengabdian ASN,Neutral - Discussion
4418,@wirahyk8761,Salaam....,uf8q3XI2Cqs,ASN Belajar Seri 35 | 2026 - Pancasila dan Semangat Bela Negara dalam Pengabdian ASN,Neutral - Discussion
4425,@tigabelas4503,semangat pancasila,uf8q3XI2Cqs,ASN Belajar Seri 35 | 2026 - Pancasila dan Semangat Bela Negara dalam Pengabdian ASN,Neutral - Discussion
4721,@muhammadsuudin8033,selatan kota,uf8q3XI2Cqs,ASN Belajar Seri 35 | 2026 - Pancasila dan Semangat Bela Negara dalam Pengabdian ASN,Neutral - Discussion
4751,@muhammadsuudin8033,selamat hari lahir pancasila,uf8q3XI2Cqs,ASN Belajar Seri 35 | 2026 - Pancasila dan Semangat Bela Negara dalam Pengabdian ASN,Neutral - Discussion
4799,@ekopudjiono8343,materi siang ini semakin menarik untuk disimak ,uf8q3XI2Cqs,ASN Belajar Seri 35 | 2026 - Pancasila dan Semangat Bela Negara dalam Pengabdian ASN,Neutral - Discussion
4806,@muhammadsuudin8033,tetap semangat di bawah cuaca yang panas,uf8q3XI2Cqs,ASN Belajar Seri 35 | 2026 - Pancasila dan Semangat Bela Negara dalam Pengabdian ASN,Neutral - Discussion
4819,@budidhewawahyono1439,BUDI WAHYONO DPMD JEMBER,uf8q3XI2Cqs,ASN Belajar Seri 35 | 2026 - Pancasila dan Semangat Bela Negara dalam Pengabdian ASN,Neutral - Discussion
4889,@StevenLolombulan,Steven Lolombulan,uf8q3XI2Cqs,ASN Belajar Seri 35 | 2026 - Pancasila dan Semangat Bela Negara dalam Pengabdian ASN,Neutral - Discussion
4913,@muhammadsuudin8033,pancasila,uf8q3XI2Cqs,ASN Belajar Seri 35 | 2026 - Pancasila dan Semangat Bela Negara dalam Pengabdian ASN,Neutral - Discussion
4930,@muhammadsuudin8033,kawan,uf8q3XI2Cqs,ASN Belajar Seri 35 | 2026 - Pancasila dan Semangat Bela Negara dalam Pengabdian ASN,Neutral - Discussion
4982,@nugrohorahardjo9539,Nugroho Rahardjo ... DLH Provinsi Jawa Timur ... Jadir,uf8q3XI2Cqs,ASN Belajar Seri 35 | 2026 - Pancasila dan Semangat Bela Negara dalam Pengabdian ASN,Neutral - Discussion
5036,@nizamasshofa4712,link pendaftarannya error gak bisa dibuka,uf8q3XI2Cqs,ASN Belajar Seri 35 | 2026 - Pancasila dan Semangat Bela Negara dalam Pengabdian ASN,Neutral - Discussion
5041,@oliviaracelle,"mohon ijin, untuk daftar dan presensinya tidak bisa diakses",uf8q3XI2Cqs,ASN Belajar Seri 35 | 2026 - Pancasila dan Semangat Bela Negara dalam Pengabdian ASN,Neutral - Discussion
5077,@ekopudjiono8343,@nizamasshofa4712 coba direfresh dulu ,uf8q3XI2Cqs,ASN Belajar Seri 35 | 2026 - Pancasila dan Semangat Bela Negara dalam Pengabdian ASN,Neutral - Discussion
5140,@muhammadsuudin8033,jadir,uf8q3XI2Cqs,ASN Belajar Seri 35 | 2026 - Pancasila dan Semangat Bela Negara dalam Pengabdian ASN,Neutral - Discussion
5195,@MAYAUTARI-o6m,semangat ,uf8q3XI2Cqs,ASN Belajar Seri 35 | 2026 - Pancasila dan Semangat Bela Negara dalam Pengabdian ASN,Neutral - Discussion
5215,@DisnakerinSarpras2024,lilik suryani,uf8q3XI2Cqs,ASN Belajar Seri 35 | 2026 - Pancasila dan Semangat Bela Negara dalam Pengabdian ASN,Neutral - Discussion
5218,@MAYAUTARI-o6m,.,uf8q3XI2Cqs,ASN Belajar Seri 35 | 2026 - Pancasila dan Semangat Bela Negara dalam Pengabdian ASN,Neutral - Discussion
5263,@andreasandre6405,"kok eror ya, tak bisa msk",uf8q3XI2Cqs,ASN Belajar Seri 35 | 2026 - Pancasila dan Semangat Bela Negara dalam Pengabdian ASN,Neutral - Discussion
5286,@andreasandre6405,link absensinya eror min,uf8q3XI2Cqs,ASN Belajar Seri 35 | 2026 - Pancasila dan Semangat Bela Negara dalam Pengabdian ASN,Neutral - Discussion
5391,@kelurahansalamanmloyo6379,admin semesta bankom tidak bisa diakses ya,uf8q3XI2Cqs,ASN Belajar Seri 35 | 2026 - Pancasila dan Semangat Bela Negara dalam Pengabdian ASN,Neutral - Discussion
5426,@BintangSigalingging-h9s,@BPSDMJATIMTV tidak bisa diakses bapak ,uf8q3XI2Cqs,ASN Belajar Seri 35 | 2026 - Pancasila dan Semangat Bela Negara dalam Pengabdian ASN,Neutral - Discussion
5439,@pranoto369,semua buat semua,uf8q3XI2Cqs,ASN Belajar Seri 35 | 2026 - Pancasila dan Semangat Bela Negara dalam Pengabdian ASN,Neutral - Discussion
5454,@pranoto369,satu buat semua,uf8q3XI2Cqs,ASN Belajar Seri 35 | 2026 - Pancasila dan Semangat Bela Negara dalam Pengabdian ASN,Neutral - Discussion
5469,@pranoto369,semua buat satu,uf8q3XI2Cqs,ASN Belajar Seri 35 | 2026 - Pancasila dan Semangat Bela Negara dalam Pengabdian ASN,Neutral - Discussion
5470,@dianiroza6959,sangat mencerahkan Bu Irene,uf8q3XI2Cqs,ASN Belajar Seri 35 | 2026 - Pancasila dan Semangat Bela Negara dalam Pengabdian ASN,Neutral - Discussion
5490,@heriyantozaky7634,stay,uf8q3XI2Cqs,ASN Belajar Seri 35 | 2026 - Pancasila dan Semangat Bela Negara dalam Pengabdian ASN,Neutral - Discussion
5492,@diosaputra4659,Link semestabangkom masih eror ya,uf8q3XI2Cqs,ASN Belajar Seri 35 | 2026 - Pancasila dan Semangat Bela Negara dalam Pengabdian ASN,Neutral - Discussion
5502,@roelpiliang88,semesta bangkom nya tidak bisa di akses,uf8q3XI2Cqs,ASN Belajar Seri 35 | 2026 - Pancasila dan Semangat Bela Negara dalam Pengabdian ASN,Neutral - Discussion
5508,@fenytri5367,Feny DLH Jatim,uf8q3XI2Cqs,ASN Belajar Seri 35 | 2026 - Pancasila dan Semangat Bela Negara dalam Pengabdian ASN,Neutral - Discussion
5536,@zahrasalimatulula1920,barokah hari kesaktian pancasila semoga disegerakan mutasi ke domisili,uf8q3XI2Cqs,ASN Belajar Seri 35 | 2026 - Pancasila dan Semangat Bela Negara dalam Pengabdian ASN,Neutral - Discussion
5552,@Camat_Kecamatanpacitan,suharmijati,uf8q3XI2Cqs,ASN Belajar Seri 35 | 2026 - Pancasila dan Semangat Bela Negara dalam Pengabdian ASN,Neutral - Discussion
5554,@febrinamarlisa9928,hadur,uf8q3XI2Cqs,ASN Belajar Seri 35 | 2026 - Pancasila dan Semangat Bela Negara dalam Pengabdian ASN,Neutral - Discussion
5566,@zahrasalimatulula1920,bismillah nawaitu tolabul ilmi,uf8q3XI2Cqs,ASN Belajar Seri 35 | 2026 - Pancasila dan Semangat Bela Negara dalam Pengabdian ASN,Neutral - Discussion
5602,@BintangSigalingging-h9s,"@BPSDMJATIMTV Ijin bapak, link tidak bisa diakses ",uf8q3XI2Cqs,ASN Belajar Seri 35 | 2026 - Pancasila dan Semangat Bela Negara dalam Pengabdian ASN,Neutral - Discussion
5604,@zahrasalimatulula1920,allahumma sholli wasallim 'ala sayyidina muhammad,uf8q3XI2Cqs,ASN Belajar Seri 35 | 2026 - Pancasila dan Semangat Bela Negara dalam Pengabdian ASN,Neutral - Discussion
5680,@TaufikHidayat-vn8rj,website semestabangkom gabisa di akses,uf8q3XI2Cqs,ASN Belajar Seri 35 | 2026 - Pancasila dan Semangat Bela Negara dalam Pengabdian ASN,Neutral - Discussion
5717,@zahrasalimatulula1920,situs semestabangkom lagi down,uf8q3XI2Cqs,ASN Belajar Seri 35 | 2026 - Pancasila dan Semangat Bela Negara dalam Pengabdian ASN,Neutral - Discussion
5763,@lashirarein,saya tidak mau jadi presiden Bu,uf8q3XI2Cqs,ASN Belajar Seri 35 | 2026 - Pancasila dan Semangat Bela Negara dalam Pengabdian ASN,Neutral - Discussion
5775,@lashirarein,tanggungjawabnya besar,uf8q3XI2Cqs,ASN Belajar Seri 35 | 2026 - Pancasila dan Semangat Bela Negara dalam Pengabdian ASN,Neutral - Discussion
5790,@zahrasalimatulula1920,situs semesta sudah bisa dulur,uf8q3XI2Cqs,ASN Belajar Seri 35 | 2026 - Pancasila dan Semangat Bela Negara dalam Pengabdian ASN,Neutral - Discussion
5794,@gresferawatania5818,menyimakkkk...,uf8q3XI2Cqs,ASN Belajar Seri 35 | 2026 - Pancasila dan Semangat Bela Negara dalam Pengabdian ASN,Neutral - Discussion
5802,@sitimunawaroh3717,Alhamdulillah sudah bisa,uf8q3XI2Cqs,ASN Belajar Seri 35 | 2026 - Pancasila dan Semangat Bela Negara dalam Pengabdian ASN,Neutral - Discussion
5804,@sitimunawaroh3717,terimakasih,uf8q3XI2Cqs,ASN Belajar Seri 35 | 2026 - Pancasila dan Semangat Bela Negara dalam Pengabdian ASN,Neutral - Discussion
5805,@haricahyokuncoro,Hari Cahyo Kuncoro - Disperindag. Jatim.,uf8q3XI2Cqs,ASN Belajar Seri 35 | 2026 - Pancasila dan Semangat Bela Negara dalam Pengabdian ASN,Neutral - Discussion
5840,@anurulhadi,"pancasila sakti, segala bentuk pengkhianatan terhadap negara akan terhina",uf8q3XI2Cqs,ASN Belajar Seri 35 | 2026 - Pancasila dan Semangat Bela Negara dalam Pengabdian ASN,Neutral - Discussion
5849,@TriHariaty,"Tri Yunita Hariaty , SE",uf8q3XI2Cqs,ASN Belajar Seri 35 | 2026 - Pancasila dan Semangat Bela Negara dalam Pengabdian ASN,Neutral - Discussion
5905,@tasaliali5081,tasali-bapekom pu wil vi. sby,uf8q3XI2Cqs,ASN Belajar Seri 35 | 2026 - Pancasila dan Semangat Bela Negara dalam Pengabdian ASN,Neutral - Discussion
5937,@W471YU,sila ke 5 gak pernah jalan apa lagi sila ketuhanan,uf8q3XI2Cqs,ASN Belajar Seri 35 | 2026 - Pancasila dan Semangat Bela Negara dalam Pengabdian ASN,Neutral - Discussion
5979,@HendraBasuki-s7c,Hendra kelurahan Rangkah,uf8q3XI2Cqs,ASN Belajar Seri 35 | 2026 - Pancasila dan Semangat Bela Negara dalam Pengabdian ASN,Neutral - Discussion
6020,@ekopudjiono8343,Kupas tuntas tentang Pancasila ,uf8q3XI2Cqs,ASN Belajar Seri 35 | 2026 - Pancasila dan Semangat Bela Negara dalam Pengabdian ASN,Neutral - Discussion
6099,@FrontDeskDPRDKalsel,cara dapatin sertifikat gimana,uf8q3XI2Cqs,ASN Belajar Seri 35 | 2026 - Pancasila dan Semangat Bela Negara dalam Pengabdian ASN,Neutral - Discussion
6109,@agungyudyana645,Bagaimana pelaksanaan demokrasi selama ini jk dilihat dalam perspektif sila ke 4 Pancasila ??,uf8q3XI2Cqs,ASN Belajar Seri 35 | 2026 - Pancasila dan Semangat Bela Negara dalam Pengabdian ASN,Neutral - Discussion
6157,@muhammadsuudin8033,ato,uf8q3XI2Cqs,ASN Belajar Seri 35 | 2026 - Pancasila dan Semangat Bela Negara dalam Pengabdian ASN,Neutral - Discussion
6201,@JokoSunyoto-bc6sy,JOKO SUNYOTO ,uf8q3XI2Cqs,ASN Belajar Seri 35 | 2026 - Pancasila dan Semangat Bela Negara dalam Pengabdian ASN,Neutral - Discussion
6314,@dianahendrawati388,SMPN 1 Kebonsari Kab Madiun.,uf8q3XI2Cqs,ASN Belajar Seri 35 | 2026 - Pancasila dan Semangat Bela Negara dalam Pengabdian ASN,Neutral - Discussion
6348,@DokterGheyaWaeee,"HAMPIR DARI SEMUA SILA TIDAK DIIMPLENTASIKAN SECARA OPTIMAL DALAM KEHIDUPAN SEHARI HARI BAIK DIRUMAH ,DILINGKUNGAN ,DAN DI TEMPAT KERJA ",uf8q3XI2Cqs,ASN Belajar Seri 35 | 2026 - Pancasila dan Semangat Bela Negara dalam Pengabdian ASN,Neutral - Discussion
6356,@Ike-vans,HDIR,uf8q3XI2Cqs,ASN Belajar Seri 35 | 2026 - Pancasila dan Semangat Bela Negara dalam Pengabdian ASN,Neutral - Discussion
6396,@zahrasalimatulula1920,bismillah,uf8q3XI2Cqs,ASN Belajar Seri 35 | 2026 - Pancasila dan Semangat Bela Negara dalam Pengabdian ASN,Neutral - Discussion
6489,@IsmantoIsmanto-vs8hc,siap pembelajaran,uf8q3XI2Cqs,ASN Belajar Seri 35 | 2026 - Pancasila dan Semangat Bela Negara dalam Pengabdian ASN,Neutral - Discussion
6507,@ekopudjiono8343,masih disini...,uf8q3XI2Cqs,ASN Belajar Seri 35 | 2026 - Pancasila dan Semangat Bela Negara dalam Pengabdian ASN,Neutral - Discussion
6526,@zahrasalimatulula1920,robbi zidna ilma,uf8q3XI2Cqs,ASN Belajar Seri 35 | 2026 - Pancasila dan Semangat Bela Negara dalam Pengabdian ASN,Neutral - Discussion
6544,@zahrasalimatulula1920,warzuqna fahma,uf8q3XI2Cqs,ASN Belajar Seri 35 | 2026 - Pancasila dan Semangat Bela Negara dalam Pengabdian ASN,Neutral - Discussion
6569,@lashirarein,pokoknya bapak senang lah,uf8q3XI2Cqs,ASN Belajar Seri 35 | 2026 - Pancasila dan Semangat Bela Negara dalam Pengabdian ASN,Neutral - Discussion
6587,@zahrasalimatulula1920,waj'alna minas solihin,uf8q3XI2Cqs,ASN Belajar Seri 35 | 2026 - Pancasila dan Semangat Bela Negara dalam Pengabdian ASN,Neutral - Discussion
6630,@sholehsolikin-g2k,solihinhadir,uf8q3XI2Cqs,ASN Belajar Seri 35 | 2026 - Pancasila dan Semangat Bela Negara dalam Pengabdian ASN,Neutral - Discussion
6941,@tigabelas4503,menyaksikan,uf8q3XI2Cqs,ASN Belajar Seri 35 | 2026 - Pancasila dan Semangat Bela Negara dalam Pengabdian ASN,Neutral - Discussion
6949,@dwikusuma4145,mengikuti,uf8q3XI2Cqs,ASN Belajar Seri 35 | 2026 - Pancasila dan Semangat Bela Negara dalam Pengabdian ASN,Neutral - Discussion
6958,@tigabelas4503,mengikuti,uf8q3XI2Cqs,ASN Belajar Seri 35 | 2026 - Pancasila dan Semangat Bela Negara dalam Pengabdian ASN,Neutral - Discussion
7011,@SukkronSukron,Kelurahan Kenjeran Kecamatan Bulak Kota Surabaya Hadir,uf8q3XI2Cqs,ASN Belajar Seri 35 | 2026 - Pancasila dan Semangat Bela Negara dalam Pengabdian ASN,Neutral - Discussion
7115,@ekopudjiono8343,terima kasih atas materinya yang sangat menarik ibu....,uf8q3XI2Cqs,ASN Belajar Seri 35 | 2026 - Pancasila dan Semangat Bela Negara dalam Pengabdian ASN,Neutral - Discussion
7139,@lashirarein,pak moderatornya jangan kaku pak,uf8q3XI2Cqs,ASN Belajar Seri 35 | 2026 - Pancasila dan Semangat Bela Negara dalam Pengabdian ASN,Neutral - Discussion
7149,@dianiroza6959,"keren Bu,",uf8q3XI2Cqs,ASN Belajar Seri 35 | 2026 - Pancasila dan Semangat Bela Negara dalam Pengabdian ASN,Neutral - Discussion
7159,@lashirarein,kalah luwes sama robot AI,uf8q3XI2Cqs,ASN Belajar Seri 35 | 2026 - Pancasila dan Semangat Bela Negara dalam Pengabdian ASN,Neutral - Discussion
7198,@mahdarmarleni9422,Mengikuti,uf8q3XI2Cqs,ASN Belajar Seri 35 | 2026 - Pancasila dan Semangat Bela Negara dalam Pengabdian ASN,Neutral - Discussion
7334,@kelurahanpangonganganmadiun,PUSAKA INDONESIA Garuda PANCASILA,uf8q3XI2Cqs,ASN Belajar Seri 35 | 2026 - Pancasila dan Semangat Bela Negara dalam Pengabdian ASN,Neutral - Discussion
7359,@kelurahanpangonganganmadiun,INDONESIA PUSAKA.Mp3,uf8q3XI2Cqs,ASN Belajar Seri 35 | 2026 - Pancasila dan Semangat Bela Negara dalam Pengabdian ASN,Neutral - Discussion
7579,@mubaedahobet2422,Selamat siang Ibu Dr. Irene mau Bertanya Bagaimana Caranya atau trik trik untuk bisa menanamkan rasa ke gotong royongan di lingkungan masyarakat untuk generasi muda sekarang ,uf8q3XI2Cqs,ASN Belajar Seri 35 | 2026 - Pancasila dan Semangat Bela Negara dalam Pengabdian ASN,Neutral - Discussion
7592,@so_feel_u,mereview P4 salam dari Pemuda Panca Marga (PPM),uf8q3XI2Cqs,ASN Belajar Seri 35 | 2026 - Pancasila dan Semangat Bela Negara dalam Pengabdian ASN,Neutral - Discussion
7605,@so_feel_u,PUSAKA INDONESIA,uf8q3XI2Cqs,ASN Belajar Seri 35 | 2026 - Pancasila dan Semangat Bela Negara dalam Pengabdian ASN,Neutral - Discussion
7614,@PurwantoUptpeternakan,mengikuti live youtube untuk memahami,uf8q3XI2Cqs,ASN Belajar Seri 35 | 2026 - Pancasila dan Semangat Bela Negara dalam Pengabdian ASN,Neutral - Discussion
7618,@so_feel_u,INDONESIA PUSAKA.Mp3,uf8q3XI2Cqs,ASN Belajar Seri 35 | 2026 - Pancasila dan Semangat Bela Negara dalam Pengabdian ASN,Neutral - Discussion
7662,@eddysantosast,eddy santosa kelurahan kaliwungu jombang,uf8q3XI2Cqs,ASN Belajar Seri 35 | 2026 - Pancasila dan Semangat Bela Negara dalam Pengabdian ASN,Neutral - Discussion
8127,@mubaedahobet2422,sangat baik materi ini mengena dalam hati ,uf8q3XI2Cqs,ASN Belajar Seri 35 | 2026 - Pancasila dan Semangat Bela Negara dalam Pengabdian ASN,Neutral - Discussion
8295,@lashirarein,biasanya emang gtu Bu..,uf8q3XI2Cqs,ASN Belajar Seri 35 | 2026 - Pancasila dan Semangat Bela Negara dalam Pengabdian ASN,Neutral - Discussion
8307,@agungyudyana645,"Bagimana peran BPIP selama ini kok tdk kelihatan kiprahnya di level bawah yakni didesa, Kecamatan dan di Kabupeten??",uf8q3XI2Cqs,ASN Belajar Seri 35 | 2026 - Pancasila dan Semangat Bela Negara dalam Pengabdian ASN,Neutral - Discussion
8322,@tigabelas4503,jasem,uf8q3XI2Cqs,ASN Belajar Seri 35 | 2026 - Pancasila dan Semangat Bela Negara dalam Pengabdian ASN,Neutral - Discussion
8336,@so_feel_u,mantab,uf8q3XI2Cqs,ASN Belajar Seri 35 | 2026 - Pancasila dan Semangat Bela Negara dalam Pengabdian ASN,Neutral - Discussion
8354,@sriutami2777,"Sri Utami: ijin bertanya bagaimana roh Pancasila bisa masuk kedalam dunia kerja bukan hanya sebagai lambang negara saja, ditengah perkembangan zaman yang semakin dinamis?",uf8q3XI2Cqs,ASN Belajar Seri 35 | 2026 - Pancasila dan Semangat Bela Negara dalam Pengabdian ASN,Neutral - Discussion
8400,@agungyudyana645,"Kalau ada BP 7 jelas ada kiprahnya di level bawah dewasa, kecaman DNA kabupaten bagaimana dg BPIP?",uf8q3XI2Cqs,ASN Belajar Seri 35 | 2026 - Pancasila dan Semangat Bela Negara dalam Pengabdian ASN,Neutral - Discussion
8521,@supingindutz1793,"Butir2 Pancasila yang telah dihapus. Sangat disayangkan sekali. Kemudian adanya OTT pejabat dll, bukan karena tidak mengamalkan Pancasila saja, tetapi tidak ada pidana yang setimpal.",uf8q3XI2Cqs,ASN Belajar Seri 35 | 2026 - Pancasila dan Semangat Bela Negara dalam Pengabdian ASN,Neutral - Discussion
8594,@tigabelas4503,memang hal dasar adalah 45 butir,uf8q3XI2Cqs,ASN Belajar Seri 35 | 2026 - Pancasila dan Semangat Bela Negara dalam Pengabdian ASN,Neutral - Discussion
8622,@tigabelas4503,termasuk pemahaman menjiwai dan dijiwai dalam sila pancasila,uf8q3XI2Cqs,ASN Belajar Seri 35 | 2026 - Pancasila dan Semangat Bela Negara dalam Pengabdian ASN,Neutral - Discussion
8638,@agnesdewismanirembang9836,"Ag. Dewi Utami Retno Muninggarjati, S.Ag , SMA Negeri 1 Rembang , Hadir ",uf8q3XI2Cqs,ASN Belajar Seri 35 | 2026 - Pancasila dan Semangat Bela Negara dalam Pengabdian ASN,Neutral - Discussion
8776,@benimurdani-f8t,Monitor...,uf8q3XI2Cqs,ASN Belajar Seri 35 | 2026 - Pancasila dan Semangat Bela Negara dalam Pengabdian ASN,Neutral - Discussion
8803,@shefiarizkika969,sudah bapak ,uf8q3XI2Cqs,ASN Belajar Seri 35 | 2026 - Pancasila dan Semangat Bela Negara dalam Pengabdian ASN,Neutral - Discussion
8817,@mujiraharjo5091,sudah ,uf8q3XI2Cqs,ASN Belajar Seri 35 | 2026 - Pancasila dan Semangat Bela Negara dalam Pengabdian ASN,Neutral - Discussion
8823,@AbigailThreasha,sudah,uf8q3XI2Cqs,ASN Belajar Seri 35 | 2026 - Pancasila dan Semangat Bela Negara dalam Pengabdian ASN,Neutral - Discussion
8862,@lailatulhikmah9575,bisa pak,uf8q3XI2Cqs,ASN Belajar Seri 35 | 2026 - Pancasila dan Semangat Bela Negara dalam Pengabdian ASN,Neutral - Discussion
8909,@so_feel_u,G one Q doel DW,uf8q3XI2Cqs,ASN Belajar Seri 35 | 2026 - Pancasila dan Semangat Bela Negara dalam Pengabdian ASN,Neutral - Discussion
8923,@Spensaro,sm,uf8q3XI2Cqs,ASN Belajar Seri 35 | 2026 - Pancasila dan Semangat Bela Negara dalam Pengabdian ASN,Neutral - Discussion
8925,@ekopudjiono8343,masih setia disini...,uf8q3XI2Cqs,ASN Belajar Seri 35 | 2026 - Pancasila dan Semangat Bela Negara dalam Pengabdian ASN,Neutral - Discussion
8937,@AbigailThreasha,"ijin pak, wilayah indonesia tengah sudah masuk sholat dzuhur",uf8q3XI2Cqs,ASN Belajar Seri 35 | 2026 - Pancasila dan Semangat Bela Negara dalam Pengabdian ASN,Neutral - Discussion
9082,@sugeng040,haHADIR,uf8q3XI2Cqs,ASN Belajar Seri 35 | 2026 - Pancasila dan Semangat Bela Negara dalam Pengabdian ASN,Neutral - Discussion
9182,@tigabelas4503,menyaksikan webinar BPSDM Jatim,uf8q3XI2Cqs,ASN Belajar Seri 35 | 2026 - Pancasila dan Semangat Bela Negara dalam Pengabdian ASN,Neutral - Discussion
9222,@nanikningsihh,BPKAD Jombang mengikuti,uf8q3XI2Cqs,ASN Belajar Seri 35 | 2026 - Pancasila dan Semangat Bela Negara dalam Pengabdian ASN,Neutral - Discussion
9262,@meikey.opelealu1583,Meike Yolla Olman Pelealu SE /Dispora Mitra,uf8q3XI2Cqs,ASN Belajar Seri 35 | 2026 - Pancasila dan Semangat Bela Negara dalam Pengabdian ASN,Neutral - Discussion
9455,@silpa-q3o,Silpa Paraso/ Dispora Mitra,uf8q3XI2Cqs,ASN Belajar Seri 35 | 2026 - Pancasila dan Semangat Bela Negara dalam Pengabdian ASN,Neutral - Discussion
9607,@yusranthamrin7813,lebih dahsyat lagi perang dengan berteknologikan AI,uf8q3XI2Cqs,ASN Belajar Seri 35 | 2026 - Pancasila dan Semangat Bela Negara dalam Pengabdian ASN,Neutral - Discussion
9763,@heritrianto5425,terima kasih,uf8q3XI2Cqs,ASN Belajar Seri 35 | 2026 - Pancasila dan Semangat Bela Negara dalam Pengabdian ASN,Neutral - Discussion
9778,@tigabelas4503,webinar,uf8q3XI2Cqs,ASN Belajar Seri 35 | 2026 - Pancasila dan Semangat Bela Negara dalam Pengabdian ASN,Neutral - Discussion
9878,@ravishaandini559,mohon maaf admin untuk materi webinar hari ini nanti bisa di share di link materi?,uf8q3XI2Cqs,ASN Belajar Seri 35 | 2026 - Pancasila dan Semangat Bela Negara dalam Pengabdian ASN,Neutral - Discussion
10112,@rasyadidar,Mujiono Bondowoso,uf8q3XI2Cqs,ASN Belajar Seri 35 | 2026 - Pancasila dan Semangat Bela Negara dalam Pengabdian ASN,Neutral - Discussion
10241,@yustindamma3527,upaya apa yang dapat kita lakukan untuk mencegah dampak perang kognitif ini terhadap generasi masa kini agar mengurangi dampak media sejak dini?,uf8q3XI2Cqs,ASN Belajar Seri 35 | 2026 - Pancasila dan Semangat Bela Negara dalam Pengabdian ASN,Neutral - Discussion
10563,@Sakuraflower10,ASN dengan semangat bela negara,uf8q3XI2Cqs,ASN Belajar Seri 35 | 2026 - Pancasila dan Semangat Bela Negara dalam Pengabdian ASN,Neutral - Discussion
10583,@HasanNudin-q2d,Mokhammad Hasan Udin jadi r,uf8q3XI2Cqs,ASN Belajar Seri 35 | 2026 - Pancasila dan Semangat Bela Negara dalam Pengabdian ASN,Neutral - Discussion
10723,@heriyantozaky7634,semuga bermanfaat,uf8q3XI2Cqs,ASN Belajar Seri 35 | 2026 - Pancasila dan Semangat Bela Negara dalam Pengabdian ASN,Neutral - Discussion
10800,@sehatdenganpotensidiri1979,terimakasih atas hadirnya webinar di awal bulan oktober ini,uf8q3XI2Cqs,ASN Belajar Seri 35 | 2026 - Pancasila dan Semangat Bela Negara dalam Pengabdian ASN,Neutral - Discussion
10815,@tigabelas4503,webinar BPSDM Jatim,uf8q3XI2Cqs,ASN Belajar Seri 35 | 2026 - Pancasila dan Semangat Bela Negara dalam Pengabdian ASN,Neutral - Discussion
10885,@SriSulasmi-ng7cm,Sri Sulasmi SMPN 2 Gedangan Sidoarjo,uf8q3XI2Cqs,ASN Belajar Seri 35 | 2026 - Pancasila dan Semangat Bela Negara dalam Pengabdian ASN,Neutral - Discussion
10981,@supriyadithok9843,ikut ,uf8q3XI2Cqs,ASN Belajar Seri 35 | 2026 - Pancasila dan Semangat Bela Negara dalam Pengabdian ASN,Neutral - Discussion
10989,@MeyerSibarani,standbye...,uf8q3XI2Cqs,ASN Belajar Seri 35 | 2026 - Pancasila dan Semangat Bela Negara dalam Pengabdian ASN,Neutral - Discussion
11025,@tigabelas4503,menyaksikan melalui saluran,uf8q3XI2Cqs,ASN Belajar Seri 35 | 2026 - Pancasila dan Semangat Bela Negara dalam Pengabdian ASN,Neutral - Discussion
11155,@j.bambang_Hb,H A D I R ,uf8q3XI2Cqs,ASN Belajar Seri 35 | 2026 - Pancasila dan Semangat Bela Negara dalam Pengabdian ASN,Neutral - Discussion
11209,@heriyantozaky7634,stay on,uf8q3XI2Cqs,ASN Belajar Seri 35 | 2026 - Pancasila dan Semangat Bela Negara dalam Pengabdian ASN,Neutral - Discussion
11220,@bonsaiomsan76,mantab,uf8q3XI2Cqs,ASN Belajar Seri 35 | 2026 - Pancasila dan Semangat Bela Negara dalam Pengabdian ASN,Neutral - Discussion
11269,@heriyantozaky7634,harir,uf8q3XI2Cqs,ASN Belajar Seri 35 | 2026 - Pancasila dan Semangat Bela Negara dalam Pengabdian ASN,Neutral - Discussion
11324,@heriyantozaky7634,semangat,uf8q3XI2Cqs,ASN Belajar Seri 35 | 2026 - Pancasila dan Semangat Bela Negara dalam Pengabdian ASN,Neutral - Discussion
11344,@heriyantozaky7634,mantap,uf8q3XI2Cqs,ASN Belajar Seri 35 | 2026 - Pancasila dan Semangat Bela Negara dalam Pengabdian ASN,Neutral - Discussion
11507,@heriyantozaky7634,sip,uf8q3XI2Cqs,ASN Belajar Seri 35 | 2026 - Pancasila dan Semangat Bela Negara dalam Pengabdian ASN,Neutral - Discussion
11557,@heriyantozaky7634,sumenep bismillah melayani,uf8q3XI2Cqs,ASN Belajar Seri 35 | 2026 - Pancasila dan Semangat Bela Negara dalam Pengabdian ASN,Neutral - Discussion
11651,@heriyantozaky7634,terima kasih atas ilmunya,uf8q3XI2Cqs,ASN Belajar Seri 35 | 2026 - Pancasila dan Semangat Bela Negara dalam Pengabdian ASN,Neutral - Discussion
11659,@heriyantozaky7634,barokallah,uf8q3XI2Cqs,ASN Belajar Seri 35 | 2026 - Pancasila dan Semangat Bela Negara dalam Pengabdian ASN,Neutral - Discussion
11677,@heriyantozaky7634,semuga kita diberi kesehatan lakhir dan batin,uf8q3XI2Cqs,ASN Belajar Seri 35 | 2026 - Pancasila dan Semangat Bela Negara dalam Pengabdian ASN,Neutral - Discussion
11713,@heriyantozaky7634,siap terimakasih,uf8q3XI2Cqs,ASN Belajar Seri 35 | 2026 - Pancasila dan Semangat Bela Negara dalam Pengabdian ASN,Neutral - Discussion
11716,@AdiSlamet-e5g,mntep,uf8q3XI2Cqs,ASN Belajar Seri 35 | 2026 - Pancasila dan Semangat Bela Negara dalam Pengabdian ASN,Neutral - Discussion
11733,@heriyantozaky7634,siap,uf8q3XI2Cqs,ASN Belajar Seri 35 | 2026 - Pancasila dan Semangat Bela Negara dalam Pengabdian ASN,Neutral - Discussion
11942,@ekopudjiono8343,betul sekali ....,uf8q3XI2Cqs,ASN Belajar Seri 35 | 2026 - Pancasila dan Semangat Bela Negara dalam Pengabdian ASN,Neutral - Discussion
11957,@raihpm2447,TERIMAKASIH,uf8q3XI2Cqs,ASN Belajar Seri 35 | 2026 - Pancasila dan Semangat Bela Negara dalam Pengabdian ASN,Neutral - Discussion
11983,@dinaaplena3063,Kanwil Kemenkum Papua,uf8q3XI2Cqs,ASN Belajar Seri 35 | 2026 - Pancasila dan Semangat Bela Negara dalam Pengabdian ASN,Neutral - Discussion
12018,@clara4295,TERIMAKASIH MATERI DAN ILMUNYA PAK,uf8q3XI2Cqs,ASN Belajar Seri 35 | 2026 - Pancasila dan Semangat Bela Negara dalam Pengabdian ASN,Neutral - Discussion
12021,@dodybastian593,Terima kasih,uf8q3XI2Cqs,ASN Belajar Seri 35 | 2026 - Pancasila dan Semangat Bela Negara dalam Pengabdian ASN,Neutral - Discussion
12031,@LeniRosita,terima kasih BPSDM Jatim dan teruslah menjadikan asn profesional dan mempunyai kompetensi. Salam Bela Neagar,uf8q3XI2Cqs,ASN Belajar Seri 35 | 2026 - Pancasila dan Semangat Bela Negara dalam Pengabdian ASN,Neutral - Discussion
12095,@herywidodo1983,salam bela Negara..Pancasila jaya,uf8q3XI2Cqs,ASN Belajar Seri 35 | 2026 - Pancasila dan Semangat Bela Negara dalam Pengabdian ASN,Neutral - Discussion
12158,@clara4295,salam bela negara,uf8q3XI2Cqs,ASN Belajar Seri 35 | 2026 - Pancasila dan Semangat Bela Negara dalam Pengabdian ASN,Neutral - Discussion
12217,@justmeandmyh,terimakasih bpk ibu,uf8q3XI2Cqs,ASN Belajar Seri 35 | 2026 - Pancasila dan Semangat Bela Negara dalam Pengabdian ASN,Neutral - Discussion
12223,@nusantarakita2857,MATURSUWUN... PANCASILA JAYA . NUSANTARA MILIK KITA SEMUA...,uf8q3XI2Cqs,ASN Belajar Seri 35 | 2026 - Pancasila dan Semangat Bela Negara dalam Pengabdian ASN,Neutral - Discussion
0,@RudiAndrianto-86,Tetap SEMANGAT BERTUMBUH,SNoTOeID7lM,ASN Belajar Seri 34 | 2026 -Membangun Retensi Talenta ASN di Tengah Perubahan Ekspektasi Karier.,Neutral - Discussion
0,@si_Pakbuel,UPT SD 352 Gresik,SNoTOeID7lM,ASN Belajar Seri 34 | 2026 -Membangun Retensi Talenta ASN di Tengah Perubahan Ekspektasi Karier.,Neutral - Discussion
0,@rosionhutauruk,"Rosion Julietta Hutauruk, SE,MSi_Sekretaris BKPSDM Kota Pematangsiantar _Hadir",SNoTOeID7lM,ASN Belajar Seri 34 | 2026 -Membangun Retensi Talenta ASN di Tengah Perubahan Ekspektasi Karier.,Neutral - Discussion
0,@BagianAdministrasiPembangu-u7c,"Ronal K. Otoluwa, SE _Pemerinta Daerah Gorontalo Utara- Hadir",SNoTOeID7lM,ASN Belajar Seri 34 | 2026 -Membangun Retensi Talenta ASN di Tengah Perubahan Ekspektasi Karier.,Neutral - Discussion
0,@bennisuni2230,SMAN 1 GAPURA SUMENEP..,SNoTOeID7lM,ASN Belajar Seri 34 | 2026 -Membangun Retensi Talenta ASN di Tengah Perubahan Ekspektasi Karier.,Neutral - Discussion
0,@ayangmira6941,hadfir,SNoTOeID7lM,ASN Belajar Seri 34 | 2026 -Membangun Retensi Talenta ASN di Tengah Perubahan Ekspektasi Karier.,Neutral - Discussion
3,@sigitcahyono7837,wiap,SNoTOeID7lM,ASN Belajar Seri 34 | 2026 -Membangun Retensi Talenta ASN di Tengah Perubahan Ekspektasi Karier.,Neutral - Discussion
158,@DesakAyu77,desak reniati diskerpus hadi,SNoTOeID7lM,ASN Belajar Seri 34 | 2026 -Membangun Retensi Talenta ASN di Tengah Perubahan Ekspektasi Karier.,Neutral - Discussion
176,@achmadsoeblater5767,sekarang jam 09.01. ini memang belum mulai atau saya salah link?,SNoTOeID7lM,ASN Belajar Seri 34 | 2026 -Membangun Retensi Talenta ASN di Tengah Perubahan Ekspektasi Karier.,Neutral - Discussion
242,@annisayehti1433,"UPTD SDN LOMBANG DAJAH 2, KAB. Bangkalan hadit",SNoTOeID7lM,ASN Belajar Seri 34 | 2026 -Membangun Retensi Talenta ASN di Tengah Perubahan Ekspektasi Karier.,Neutral - Discussion
326,@wawanhernawan4042,Biro Adpim Setda Prov. Jawa Barat ..,SNoTOeID7lM,ASN Belajar Seri 34 | 2026 -Membangun Retensi Talenta ASN di Tengah Perubahan Ekspektasi Karier.,Neutral - Discussion
340,@susiantosusianto-m3r,hader,SNoTOeID7lM,ASN Belajar Seri 34 | 2026 -Membangun Retensi Talenta ASN di Tengah Perubahan Ekspektasi Karier.,Neutral - Discussion
389,@suzanaulsitawaty4184,keeren narsumnya,SNoTOeID7lM,ASN Belajar Seri 34 | 2026 -Membangun Retensi Talenta ASN di Tengah Perubahan Ekspektasi Karier.,Neutral - Discussion
404,@agussetiyoso,@agus setiyoso mengikuti,SNoTOeID7lM,ASN Belajar Seri 34 | 2026 -Membangun Retensi Talenta ASN di Tengah Perubahan Ekspektasi Karier.,Neutral - Discussion
451,@sangpenawar5985,ghofur SDN Kedunggaleng,SNoTOeID7lM,ASN Belajar Seri 34 | 2026 -Membangun Retensi Talenta ASN di Tengah Perubahan Ekspektasi Karier.,Neutral - Discussion
456,@10_izalaaoham93,hadiri selalu,SNoTOeID7lM,ASN Belajar Seri 34 | 2026 -Membangun Retensi Talenta ASN di Tengah Perubahan Ekspektasi Karier.,Neutral - Discussion
457,@daffamudmainnah354,"Mudmainnah, SM Diskominfo",SNoTOeID7lM,ASN Belajar Seri 34 | 2026 -Membangun Retensi Talenta ASN di Tengah Perubahan Ekspektasi Karier.,Neutral - Discussion
461,@budiekowibowo4984,"Budi Eko Wibowo, AKS./KEMENPORA/H a d i r",SNoTOeID7lM,ASN Belajar Seri 34 | 2026 -Membangun Retensi Talenta ASN di Tengah Perubahan Ekspektasi Karier.,Neutral - Discussion
478,@SriSupadmi-hl3um,kecamatan Paciran,SNoTOeID7lM,ASN Belajar Seri 34 | 2026 -Membangun Retensi Talenta ASN di Tengah Perubahan Ekspektasi Karier.,Neutral - Discussion
513,@titindebby,TITIN DEBI YULIASARI BPKAD KAB. JEMBER,SNoTOeID7lM,ASN Belajar Seri 34 | 2026 -Membangun Retensi Talenta ASN di Tengah Perubahan Ekspektasi Karier.,Neutral - Discussion
520,@TOTOKSLAMETADISANTOSO,hadit,SNoTOeID7lM,ASN Belajar Seri 34 | 2026 -Membangun Retensi Talenta ASN di Tengah Perubahan Ekspektasi Karier.,Neutral - Discussion
565,@SamsulArifin81-r1w,Samsul Arifin KUA Kec. Sumbermalang,SNoTOeID7lM,ASN Belajar Seri 34 | 2026 -Membangun Retensi Talenta ASN di Tengah Perubahan Ekspektasi Karier.,Neutral - Discussion
595,@azrilridwan8825,SDN LERAN KULON 2 ,SNoTOeID7lM,ASN Belajar Seri 34 | 2026 -Membangun Retensi Talenta ASN di Tengah Perubahan Ekspektasi Karier.,Neutral - Discussion
631,@fathorrahiem4481,fathor,SNoTOeID7lM,ASN Belajar Seri 34 | 2026 -Membangun Retensi Talenta ASN di Tengah Perubahan Ekspektasi Karier.,Neutral - Discussion
644,@rusniania3402,Rusnia DP2KP,SNoTOeID7lM,ASN Belajar Seri 34 | 2026 -Membangun Retensi Talenta ASN di Tengah Perubahan Ekspektasi Karier.,Neutral - Discussion
658,@idianafriyanto3502,"IDIAN AFRIYANTO - BIDANG KETAHANAN PANGAN, P2KP Bkl. HADIR",SNoTOeID7lM,ASN Belajar Seri 34 | 2026 -Membangun Retensi Talenta ASN di Tengah Perubahan Ekspektasi Karier.,Neutral - Discussion
732,@adeksukma,ADEK SUKMA PUTRI DISKOMINFO KABUPATEN SOLOK SELATAN HADIR,SNoTOeID7lM,ASN Belajar Seri 34 | 2026 -Membangun Retensi Talenta ASN di Tengah Perubahan Ekspektasi Karier.,Neutral - Discussion
778,@elvida7626,Elvida-Kelurahan Wirogunan,SNoTOeID7lM,ASN Belajar Seri 34 | 2026 -Membangun Retensi Talenta ASN di Tengah Perubahan Ekspektasi Karier.,Neutral - Discussion
792,@lashirarein,rendra dlh haduir,SNoTOeID7lM,ASN Belajar Seri 34 | 2026 -Membangun Retensi Talenta ASN di Tengah Perubahan Ekspektasi Karier.,Neutral - Discussion
799,@fatostream,model aplikasinya bagus banget,SNoTOeID7lM,ASN Belajar Seri 34 | 2026 -Membangun Retensi Talenta ASN di Tengah Perubahan Ekspektasi Karier.,Neutral - Discussion
810,@canrawidiati,belum mulai mulai acara nya,SNoTOeID7lM,ASN Belajar Seri 34 | 2026 -Membangun Retensi Talenta ASN di Tengah Perubahan Ekspektasi Karier.,Neutral - Discussion
828,@kecamatankare,Dina Dharma dari Kec. Kare Kab. Madiun,SNoTOeID7lM,ASN Belajar Seri 34 | 2026 -Membangun Retensi Talenta ASN di Tengah Perubahan Ekspektasi Karier.,Neutral - Discussion
838,@noviyantik5574,novihadir,SNoTOeID7lM,ASN Belajar Seri 34 | 2026 -Membangun Retensi Talenta ASN di Tengah Perubahan Ekspektasi Karier.,Neutral - Discussion
959,@LiricChill,H@DIR,SNoTOeID7lM,ASN Belajar Seri 34 | 2026 -Membangun Retensi Talenta ASN di Tengah Perubahan Ekspektasi Karier.,Neutral - Discussion
985,@sukirmansos,mantap,SNoTOeID7lM,ASN Belajar Seri 34 | 2026 -Membangun Retensi Talenta ASN di Tengah Perubahan Ekspektasi Karier.,Neutral - Discussion
986,@andalusiawahyudi9507,Tendik SMPN 2 Singosari Kab Malang haaddiirrr,SNoTOeID7lM,ASN Belajar Seri 34 | 2026 -Membangun Retensi Talenta ASN di Tengah Perubahan Ekspektasi Karier.,Neutral - Discussion
1002,@mustain8041,Kecamatan Balen Bojonegoro,SNoTOeID7lM,ASN Belajar Seri 34 | 2026 -Membangun Retensi Talenta ASN di Tengah Perubahan Ekspektasi Karier.,Neutral - Discussion
1004,@anisSholikah-bu3ig,Anis Sholikah SDN 4 Sumberoto,SNoTOeID7lM,ASN Belajar Seri 34 | 2026 -Membangun Retensi Talenta ASN di Tengah Perubahan Ekspektasi Karier.,Neutral - Discussion
1022,@arsa2011,siap terimakasih infonya,SNoTOeID7lM,ASN Belajar Seri 34 | 2026 -Membangun Retensi Talenta ASN di Tengah Perubahan Ekspektasi Karier.,Neutral - Discussion
1030,@sukirmansos,keren,SNoTOeID7lM,ASN Belajar Seri 34 | 2026 -Membangun Retensi Talenta ASN di Tengah Perubahan Ekspektasi Karier.,Neutral - Discussion
1031,@gatotkrisutanto8468,Krisutanto; SD Negeri 4 Sumberoto Kecamatan Donomulyo Kabupaten Malang Jawa Timur,SNoTOeID7lM,ASN Belajar Seri 34 | 2026 -Membangun Retensi Talenta ASN di Tengah Perubahan Ekspektasi Karier.,Neutral - Discussion
1066,@Viyonanadiratavana,Siti safinah,SNoTOeID7lM,ASN Belajar Seri 34 | 2026 -Membangun Retensi Talenta ASN di Tengah Perubahan Ekspektasi Karier.,Neutral - Discussion
1082,@FATMAWATIwati-q4g,fatmawati,SNoTOeID7lM,ASN Belajar Seri 34 | 2026 -Membangun Retensi Talenta ASN di Tengah Perubahan Ekspektasi Karier.,Neutral - Discussion
1086,@ramitaariyani4241,belum mulai?,SNoTOeID7lM,ASN Belajar Seri 34 | 2026 -Membangun Retensi Talenta ASN di Tengah Perubahan Ekspektasi Karier.,Neutral - Discussion
1091,@Lestari08-d5j,Lestari DPMPTSP Kab. Luwu Timur,SNoTOeID7lM,ASN Belajar Seri 34 | 2026 -Membangun Retensi Talenta ASN di Tengah Perubahan Ekspektasi Karier.,Neutral - Discussion
1140,@baidise,baidi kec pakem kab bondowoso,SNoTOeID7lM,ASN Belajar Seri 34 | 2026 -Membangun Retensi Talenta ASN di Tengah Perubahan Ekspektasi Karier.,Neutral - Discussion
1172,@Jerry-j5w1n,mengikuti,SNoTOeID7lM,ASN Belajar Seri 34 | 2026 -Membangun Retensi Talenta ASN di Tengah Perubahan Ekspektasi Karier.,Neutral - Discussion
1215,@rikaastuti3331,@rikaastuti,SNoTOeID7lM,ASN Belajar Seri 34 | 2026 -Membangun Retensi Talenta ASN di Tengah Perubahan Ekspektasi Karier.,Neutral - Discussion
1260,@dityaarissy8493,Ditya Arissy Agustirta_DP2KBP3A ,SNoTOeID7lM,ASN Belajar Seri 34 | 2026 -Membangun Retensi Talenta ASN di Tengah Perubahan Ekspektasi Karier.,Neutral - Discussion
1275,@indahp.setiawan,Yaa gmna dong gajih pokok ASN g ada kenaikan blasss.. salam dr daerah NON TPP yg sembakonya pd mahal2,SNoTOeID7lM,ASN Belajar Seri 34 | 2026 -Membangun Retensi Talenta ASN di Tengah Perubahan Ekspektasi Karier.,Neutral - Discussion
1313,@anaindrawati-m2u,ANA DWI INDRAWATI - SMA NEGERI 1 KEJAYAN - KABUPATEN PASURUAN HADIR,SNoTOeID7lM,ASN Belajar Seri 34 | 2026 -Membangun Retensi Talenta ASN di Tengah Perubahan Ekspektasi Karier.,Neutral - Discussion
1335,@pacitankota2271,agus hariawan Pemda Pacitan,SNoTOeID7lM,ASN Belajar Seri 34 | 2026 -Membangun Retensi Talenta ASN di Tengah Perubahan Ekspektasi Karier.,Neutral - Discussion
1349,@HuzayPro,Husni Dinas perhubungan Bangkalan,SNoTOeID7lM,ASN Belajar Seri 34 | 2026 -Membangun Retensi Talenta ASN di Tengah Perubahan Ekspektasi Karier.,Neutral - Discussion
1426,@m.maarifmustofa7406,"m. ma'arif Mustofa, penyuluh agama islam sambi Boyolali hadir",SNoTOeID7lM,ASN Belajar Seri 34 | 2026 -Membangun Retensi Talenta ASN di Tengah Perubahan Ekspektasi Karier.,Neutral - Discussion
1523,@dyahputri9819,di webnya masih tulisan belum mulai,SNoTOeID7lM,ASN Belajar Seri 34 | 2026 -Membangun Retensi Talenta ASN di Tengah Perubahan Ekspektasi Karier.,Neutral - Discussion
1572,@SupandiPandi-fk9dx,SUPANDI kecamatan Tegal Ampel Bondowoso,SNoTOeID7lM,ASN Belajar Seri 34 | 2026 -Membangun Retensi Talenta ASN di Tengah Perubahan Ekspektasi Karier.,Neutral - Discussion
1584,@MohammadSaifulBachri,"m,",SNoTOeID7lM,ASN Belajar Seri 34 | 2026 -Membangun Retensi Talenta ASN di Tengah Perubahan Ekspektasi Karier.,Neutral - Discussion
1603,@NewBadai,Syaiful BKWLMLG,SNoTOeID7lM,ASN Belajar Seri 34 | 2026 -Membangun Retensi Talenta ASN di Tengah Perubahan Ekspektasi Karier.,Neutral - Discussion
1635,@anihanipah1554,"Ani hanipah, DSDA PROV JABAR Mengikuti",SNoTOeID7lM,ASN Belajar Seri 34 | 2026 -Membangun Retensi Talenta ASN di Tengah Perubahan Ekspektasi Karier.,Neutral - Discussion
1671,@endroprajitno8057,Mene,SNoTOeID7lM,ASN Belajar Seri 34 | 2026 -Membangun Retensi Talenta ASN di Tengah Perubahan Ekspektasi Karier.,Neutral - Discussion
1737,@retnowulan1194,haadiirr,SNoTOeID7lM,ASN Belajar Seri 34 | 2026 -Membangun Retensi Talenta ASN di Tengah Perubahan Ekspektasi Karier.,Neutral - Discussion
1747,@nurhasanah9187,adakah link pendaftaran?,SNoTOeID7lM,ASN Belajar Seri 34 | 2026 -Membangun Retensi Talenta ASN di Tengah Perubahan Ekspektasi Karier.,Neutral - Discussion
1762,@tututhandayani2821,Selamat Pagi,SNoTOeID7lM,ASN Belajar Seri 34 | 2026 -Membangun Retensi Talenta ASN di Tengah Perubahan Ekspektasi Karier.,Neutral - Discussion
1818,@diyanveriyani9951,keep watch,SNoTOeID7lM,ASN Belajar Seri 34 | 2026 -Membangun Retensi Talenta ASN di Tengah Perubahan Ekspektasi Karier.,Neutral - Discussion
1836,@TitiWigati-z1l,UPT PPHH DISHUT PROV JATIM,SNoTOeID7lM,ASN Belajar Seri 34 | 2026 -Membangun Retensi Talenta ASN di Tengah Perubahan Ekspektasi Karier.,Neutral - Discussion
1840,@tututhandayani2821,Tut Wuri Handayani. Disdik Tarakan Kalimantan Utara,SNoTOeID7lM,ASN Belajar Seri 34 | 2026 -Membangun Retensi Talenta ASN di Tengah Perubahan Ekspektasi Karier.,Neutral - Discussion
1846,@AdminkesBahtiar,terima kasih banyak dapat mengikuti,SNoTOeID7lM,ASN Belajar Seri 34 | 2026 -Membangun Retensi Talenta ASN di Tengah Perubahan Ekspektasi Karier.,Neutral - Discussion
1849,@diyanveriyani9951,masih disini,SNoTOeID7lM,ASN Belajar Seri 34 | 2026 -Membangun Retensi Talenta ASN di Tengah Perubahan Ekspektasi Karier.,Neutral - Discussion
1867,@samsiatii,Samsiati Setda Prov. Jatim,SNoTOeID7lM,ASN Belajar Seri 34 | 2026 -Membangun Retensi Talenta ASN di Tengah Perubahan Ekspektasi Karier.,Neutral - Discussion
1873,@gits_83,sigit dpmptsp kota prob,SNoTOeID7lM,ASN Belajar Seri 34 | 2026 -Membangun Retensi Talenta ASN di Tengah Perubahan Ekspektasi Karier.,Neutral - Discussion
1879,@muhammadsuudin8033,ayo.....ayooo.....,SNoTOeID7lM,ASN Belajar Seri 34 | 2026 -Membangun Retensi Talenta ASN di Tengah Perubahan Ekspektasi Karier.,Neutral - Discussion
1887,@NitaHandayani-jm2or,Nita Handayani SMPN 2 gedangan,SNoTOeID7lM,ASN Belajar Seri 34 | 2026 -Membangun Retensi Talenta ASN di Tengah Perubahan Ekspektasi Karier.,Neutral - Discussion
1894,@AlfiBkl-q1i,Siti Alfi sufiantini SE inspektorat kabupaten Bangkalan hadir,SNoTOeID7lM,ASN Belajar Seri 34 | 2026 -Membangun Retensi Talenta ASN di Tengah Perubahan Ekspektasi Karier.,Neutral - Discussion
1900,@BundaR3-ny7yu,𝙷𝚊𝚍𝚒𝚛,SNoTOeID7lM,ASN Belajar Seri 34 | 2026 -Membangun Retensi Talenta ASN di Tengah Perubahan Ekspektasi Karier.,Neutral - Discussion
1918,@almkhtryou,Joint,SNoTOeID7lM,ASN Belajar Seri 34 | 2026 -Membangun Retensi Talenta ASN di Tengah Perubahan Ekspektasi Karier.,Neutral - Discussion
1953,@asiliyaasiliya6629,Asiliya Penyuluh Agama kristen Kabupaten Malang Hadir ,SNoTOeID7lM,ASN Belajar Seri 34 | 2026 -Membangun Retensi Talenta ASN di Tengah Perubahan Ekspektasi Karier.,Neutral - Discussion
1965,@SriSulasmi-ng7cm,Sri Sulasmi SMPN 2 Gedangan Sidoarjo Jawa Timur,SNoTOeID7lM,ASN Belajar Seri 34 | 2026 -Membangun Retensi Talenta ASN di Tengah Perubahan Ekspektasi Karier.,Neutral - Discussion
2002,@pipietdnora8688,Desvita Nora Banhub Sumbar,SNoTOeID7lM,ASN Belajar Seri 34 | 2026 -Membangun Retensi Talenta ASN di Tengah Perubahan Ekspektasi Karier.,Neutral - Discussion
2013,@MuhammadHuri-x4h,"Sistem Merit yang Transparan: Promosi dan mutasi murni berdasarkan kompetensi, kinerja, dan objektivitas, bukan kedekatan birokratis.",SNoTOeID7lM,ASN Belajar Seri 34 | 2026 -Membangun Retensi Talenta ASN di Tengah Perubahan Ekspektasi Karier.,Neutral - Discussion
2032,@tarielestari-e9l,sri lestari dpmptsp kota probolinggo,SNoTOeID7lM,ASN Belajar Seri 34 | 2026 -Membangun Retensi Talenta ASN di Tengah Perubahan Ekspektasi Karier.,Neutral - Discussion
2102,@FANANIJEPUNSUMENEP,FANANI,SNoTOeID7lM,ASN Belajar Seri 34 | 2026 -Membangun Retensi Talenta ASN di Tengah Perubahan Ekspektasi Karier.,Neutral - Discussion
2137,@muhammadsuudin8033,gresik selatan,SNoTOeID7lM,ASN Belajar Seri 34 | 2026 -Membangun Retensi Talenta ASN di Tengah Perubahan Ekspektasi Karier.,Neutral - Discussion
2139,@Armandx3m,"Bertumbuh, berkembang sudah. Kontribusi sudah. Gaji pokok naik? Sudah bertahun-tahun tidak ada kenaikan. Trus adakah upaya Pemerintah memperjuangkan ASN? Atau ASN hanya harus tunduk patuh saja?",SNoTOeID7lM,ASN Belajar Seri 34 | 2026 -Membangun Retensi Talenta ASN di Tengah Perubahan Ekspektasi Karier.,Neutral - Discussion
2230,@komangresika9519,hadit,SNoTOeID7lM,ASN Belajar Seri 34 | 2026 -Membangun Retensi Talenta ASN di Tengah Perubahan Ekspektasi Karier.,Neutral - Discussion
2271,@muhammadsuudin8033,gresik istiqomah,SNoTOeID7lM,ASN Belajar Seri 34 | 2026 -Membangun Retensi Talenta ASN di Tengah Perubahan Ekspektasi Karier.,Neutral - Discussion
2330,@muhammadsuudin8033,gresik kab,SNoTOeID7lM,ASN Belajar Seri 34 | 2026 -Membangun Retensi Talenta ASN di Tengah Perubahan Ekspektasi Karier.,Neutral - Discussion
2347,@aanansori300,M. AAN ANSORI Kota Cilegon Banten,SNoTOeID7lM,ASN Belajar Seri 34 | 2026 -Membangun Retensi Talenta ASN di Tengah Perubahan Ekspektasi Karier.,Neutral - Discussion
2350,@sonisuharsono-g6j,@SONI SUHARSONO DLH Prov. Jatim - H A D I R,SNoTOeID7lM,ASN Belajar Seri 34 | 2026 -Membangun Retensi Talenta ASN di Tengah Perubahan Ekspektasi Karier.,Neutral - Discussion
2366,@AgusGundul-x7e2y,dinkop kab. malang,SNoTOeID7lM,ASN Belajar Seri 34 | 2026 -Membangun Retensi Talenta ASN di Tengah Perubahan Ekspektasi Karier.,Neutral - Discussion
2368,@giegie6415,hdir,SNoTOeID7lM,ASN Belajar Seri 34 | 2026 -Membangun Retensi Talenta ASN di Tengah Perubahan Ekspektasi Karier.,Neutral - Discussion
2380,@harmonipelangi610,Priharmoni_aphp,SNoTOeID7lM,ASN Belajar Seri 34 | 2026 -Membangun Retensi Talenta ASN di Tengah Perubahan Ekspektasi Karier.,Neutral - Discussion
2382,@muhammadsuudin8033,hadier,SNoTOeID7lM,ASN Belajar Seri 34 | 2026 -Membangun Retensi Talenta ASN di Tengah Perubahan Ekspektasi Karier.,Neutral - Discussion
2392,@PRAYITNOPRAYITNO-iz2ru,Prayitno mengikuti,SNoTOeID7lM,ASN Belajar Seri 34 | 2026 -Membangun Retensi Talenta ASN di Tengah Perubahan Ekspektasi Karier.,Neutral - Discussion
2559,@wiselytiger-z4d,Levi RSUD Dr. Soetomo,SNoTOeID7lM,ASN Belajar Seri 34 | 2026 -Membangun Retensi Talenta ASN di Tengah Perubahan Ekspektasi Karier.,Neutral - Discussion
2573,@naniekdyahayu918,NANIEK DYAH AYU A DINAS BINA MARGA PROVINSI JATIM,SNoTOeID7lM,ASN Belajar Seri 34 | 2026 -Membangun Retensi Talenta ASN di Tengah Perubahan Ekspektasi Karier.,Neutral - Discussion
2574,@muhammadaqsho2797,hadirhadir,SNoTOeID7lM,ASN Belajar Seri 34 | 2026 -Membangun Retensi Talenta ASN di Tengah Perubahan Ekspektasi Karier.,Neutral - Discussion
2631,@RudiAndrianto-86,Tetap SEMANGAT ,SNoTOeID7lM,ASN Belajar Seri 34 | 2026 -Membangun Retensi Talenta ASN di Tengah Perubahan Ekspektasi Karier.,Neutral - Discussion
2644,@santianinurlian,santiani. nurlian_man 5 tasikmalaya,SNoTOeID7lM,ASN Belajar Seri 34 | 2026 -Membangun Retensi Talenta ASN di Tengah Perubahan Ekspektasi Karier.,Neutral - Discussion
2707,@erwinsusilo5125,ERWIN SUSILO SMPN 2 MAYANG JEMBER JATIM PPPK PW HADRRRRRR,SNoTOeID7lM,ASN Belajar Seri 34 | 2026 -Membangun Retensi Talenta ASN di Tengah Perubahan Ekspektasi Karier.,Neutral - Discussion
2723,@omDT4channel,"Izin bpk/ibu,, daftar hadirnya jangan di panel chat ya,,, tapi di webnya Semestabangkom BPSDM Jatim berikut: ",SNoTOeID7lM,ASN Belajar Seri 34 | 2026 -Membangun Retensi Talenta ASN di Tengah Perubahan Ekspektasi Karier.,Neutral - Discussion
2755,@teguhsetiono72,@teguhsetiomno28,SNoTOeID7lM,ASN Belajar Seri 34 | 2026 -Membangun Retensi Talenta ASN di Tengah Perubahan Ekspektasi Karier.,Neutral - Discussion
2764,@triwahyuningtyas-j7d,tri wahyuningtyas bkd pacita.,SNoTOeID7lM,ASN Belajar Seri 34 | 2026 -Membangun Retensi Talenta ASN di Tengah Perubahan Ekspektasi Karier.,Neutral - Discussion
2765,@tigabelas4503,watugaluh,SNoTOeID7lM,ASN Belajar Seri 34 | 2026 -Membangun Retensi Talenta ASN di Tengah Perubahan Ekspektasi Karier.,Neutral - Discussion
2811,@kecamatansungaipinang3142,Kecamatan Sungai Pinang Pemerintah Kota Samarinda HADIR,SNoTOeID7lM,ASN Belajar Seri 34 | 2026 -Membangun Retensi Talenta ASN di Tengah Perubahan Ekspektasi Karier.,Neutral - Discussion
2823,@RizkiTekik-i7q,MINYAK,SNoTOeID7lM,ASN Belajar Seri 34 | 2026 -Membangun Retensi Talenta ASN di Tengah Perubahan Ekspektasi Karier.,Neutral - Discussion
2828,@muhammadsuudin8033,ayo kawan,SNoTOeID7lM,ASN Belajar Seri 34 | 2026 -Membangun Retensi Talenta ASN di Tengah Perubahan Ekspektasi Karier.,Neutral - Discussion
2829,@chusnulchotimah8617,Chusnul Chotimah SPMN 1 Semboro,SNoTOeID7lM,ASN Belajar Seri 34 | 2026 -Membangun Retensi Talenta ASN di Tengah Perubahan Ekspektasi Karier.,Neutral - Discussion
2860,@ismumaulidia1185,haaddiir,SNoTOeID7lM,ASN Belajar Seri 34 | 2026 -Membangun Retensi Talenta ASN di Tengah Perubahan Ekspektasi Karier.,Neutral - Discussion
2861,@RizkiTekik-i7q,DIR,SNoTOeID7lM,ASN Belajar Seri 34 | 2026 -Membangun Retensi Talenta ASN di Tengah Perubahan Ekspektasi Karier.,Neutral - Discussion
2882,@muhammadsuudin8033,bertumbuh berkembang berkontribusi semangat,SNoTOeID7lM,ASN Belajar Seri 34 | 2026 -Membangun Retensi Talenta ASN di Tengah Perubahan Ekspektasi Karier.,Neutral - Discussion
2921,@FREDYSumuweng-r9q,Fredy sumuweng/SD negeri 101manado,SNoTOeID7lM,ASN Belajar Seri 34 | 2026 -Membangun Retensi Talenta ASN di Tengah Perubahan Ekspektasi Karier.,Neutral - Discussion
2970,@muhammadsuudin8033,ikut,SNoTOeID7lM,ASN Belajar Seri 34 | 2026 -Membangun Retensi Talenta ASN di Tengah Perubahan Ekspektasi Karier.,Neutral - Discussion
3000,@defrigultom9010,Ester Ria Oktavia Sinaga kabupaten Tapanuli Utara hadir pak,SNoTOeID7lM,ASN Belajar Seri 34 | 2026 -Membangun Retensi Talenta ASN di Tengah Perubahan Ekspektasi Karier.,Neutral - Discussion
3010,@BayuBagasRasya,betul...,SNoTOeID7lM,ASN Belajar Seri 34 | 2026 -Membangun Retensi Talenta ASN di Tengah Perubahan Ekspektasi Karier.,Neutral - Discussion
3039,@BayuBagasRasya,"baiknya regulasi tentang kepegawaian banyak ditinjau ulang, pak",SNoTOeID7lM,ASN Belajar Seri 34 | 2026 -Membangun Retensi Talenta ASN di Tengah Perubahan Ekspektasi Karier.,Neutral - Discussion
3054,@Mariyanis001,Mariyanis MIN 1 Indragiri Hilir Riau,SNoTOeID7lM,ASN Belajar Seri 34 | 2026 -Membangun Retensi Talenta ASN di Tengah Perubahan Ekspektasi Karier.,Neutral - Discussion
3074,@muhammadsuudin8033,istimewa,SNoTOeID7lM,ASN Belajar Seri 34 | 2026 -Membangun Retensi Talenta ASN di Tengah Perubahan Ekspektasi Karier.,Neutral - Discussion
3076,@AdminkesBahtiar,"Jumlah ASN sepertinya sudah membludak diluar teknis, kesehatan, pendidik. kelihatannya bila fleksibel malah hasilnya sangat sedikit. maafkanlah.",SNoTOeID7lM,ASN Belajar Seri 34 | 2026 -Membangun Retensi Talenta ASN di Tengah Perubahan Ekspektasi Karier.,Neutral - Discussion
3093,@BettyRuswandani-r9p5d,mennyimak,SNoTOeID7lM,ASN Belajar Seri 34 | 2026 -Membangun Retensi Talenta ASN di Tengah Perubahan Ekspektasi Karier.,Neutral - Discussion
3115,@maulanaahmadmaulana2093,hDIR,SNoTOeID7lM,ASN Belajar Seri 34 | 2026 -Membangun Retensi Talenta ASN di Tengah Perubahan Ekspektasi Karier.,Neutral - Discussion
3121,@BayuBagasRasya,"sistem tidak akan berguna dengan maksimal, jika regulasinya tidak berpihak pada pegawai",SNoTOeID7lM,ASN Belajar Seri 34 | 2026 -Membangun Retensi Talenta ASN di Tengah Perubahan Ekspektasi Karier.,Neutral - Discussion
3167,@EyangRomo-c4n,mantau,SNoTOeID7lM,ASN Belajar Seri 34 | 2026 -Membangun Retensi Talenta ASN di Tengah Perubahan Ekspektasi Karier.,Neutral - Discussion
3167,@FretslawiaruFrets,"Frets N.Lawiaru, S.Sos Kantor Camat Pulau Masela Kabupaten Maluku Barat Daya, hadir",SNoTOeID7lM,ASN Belajar Seri 34 | 2026 -Membangun Retensi Talenta ASN di Tengah Perubahan Ekspektasi Karier.,Neutral - Discussion
3192,@suroso353,Bakorwil Bojonegoro,SNoTOeID7lM,ASN Belajar Seri 34 | 2026 -Membangun Retensi Talenta ASN di Tengah Perubahan Ekspektasi Karier.,Neutral - Discussion
3199,@AdminkesBahtiar,"bagaimana klo tidak produktif karena kemampuannya, bukan sistem atau keterbatasan?",SNoTOeID7lM,ASN Belajar Seri 34 | 2026 -Membangun Retensi Talenta ASN di Tengah Perubahan Ekspektasi Karier.,Neutral - Discussion
3201,@muhammadsuudin8033,selatan,SNoTOeID7lM,ASN Belajar Seri 34 | 2026 -Membangun Retensi Talenta ASN di Tengah Perubahan Ekspektasi Karier.,Neutral - Discussion
3234,@BettyRuswandani-r9p5d,ikut,SNoTOeID7lM,ASN Belajar Seri 34 | 2026 -Membangun Retensi Talenta ASN di Tengah Perubahan Ekspektasi Karier.,Neutral - Discussion
3281,@salmaagussalim851,"Salmah, SE., MM",SNoTOeID7lM,ASN Belajar Seri 34 | 2026 -Membangun Retensi Talenta ASN di Tengah Perubahan Ekspektasi Karier.,Neutral - Discussion
3294,@rosmina9138,@Rosmina Dinas Pendidikan Kota Pematangsiantar,SNoTOeID7lM,ASN Belajar Seri 34 | 2026 -Membangun Retensi Talenta ASN di Tengah Perubahan Ekspektasi Karier.,Neutral - Discussion
3328,@yulprime8495,yul utama banhub sumbar,SNoTOeID7lM,ASN Belajar Seri 34 | 2026 -Membangun Retensi Talenta ASN di Tengah Perubahan Ekspektasi Karier.,Neutral - Discussion
3341,@helnawaty-1924,Helnawaty,SNoTOeID7lM,ASN Belajar Seri 34 | 2026 -Membangun Retensi Talenta ASN di Tengah Perubahan Ekspektasi Karier.,Neutral - Discussion
3380,@wempykeuangan2729,hdir,SNoTOeID7lM,ASN Belajar Seri 34 | 2026 -Membangun Retensi Talenta ASN di Tengah Perubahan Ekspektasi Karier.,Neutral - Discussion
3399,@BettyRuswandani-r9p5d,"Sami"" Bpk, terima kasih atas materi yg diberikan",SNoTOeID7lM,ASN Belajar Seri 34 | 2026 -Membangun Retensi Talenta ASN di Tengah Perubahan Ekspektasi Karier.,Neutral - Discussion
3411,@fatostream,rentensi harus jelas dan tidak boleh plin plan,SNoTOeID7lM,ASN Belajar Seri 34 | 2026 -Membangun Retensi Talenta ASN di Tengah Perubahan Ekspektasi Karier.,Neutral - Discussion
3449,@parmansimbala8447,Apa pendapat Bapak ketika Pimpinan berada di posisi Kotak 7 dan bawahan ada di kotak 9 ???,SNoTOeID7lM,ASN Belajar Seri 34 | 2026 -Membangun Retensi Talenta ASN di Tengah Perubahan Ekspektasi Karier.,Neutral - Discussion
3462,@fatostream,kasihkan,SNoTOeID7lM,ASN Belajar Seri 34 | 2026 -Membangun Retensi Talenta ASN di Tengah Perubahan Ekspektasi Karier.,Neutral - Discussion
3479,@MuhyiddinMuslimin,LUAR BIASA MATERINYA PAK SYAMSUL...,SNoTOeID7lM,ASN Belajar Seri 34 | 2026 -Membangun Retensi Talenta ASN di Tengah Perubahan Ekspektasi Karier.,Neutral - Discussion
3505,@anggarahadma,GAS,SNoTOeID7lM,ASN Belajar Seri 34 | 2026 -Membangun Retensi Talenta ASN di Tengah Perubahan Ekspektasi Karier.,Neutral - Discussion
3507,@ryanrm777,kenapa gap penghasilan asn staff dan atasan terlalu jauh?,SNoTOeID7lM,ASN Belajar Seri 34 | 2026 -Membangun Retensi Talenta ASN di Tengah Perubahan Ekspektasi Karier.,Neutral - Discussion
3518,@parmansimbala8447,Apa pendapat Bapak ketika Pimpinan berada di kotak 7 sedangkan bawahan berada di kotak 9 ???,SNoTOeID7lM,ASN Belajar Seri 34 | 2026 -Membangun Retensi Talenta ASN di Tengah Perubahan Ekspektasi Karier.,Neutral - Discussion
3530,@Thoesa,sangat bagus pertanyaannya,SNoTOeID7lM,ASN Belajar Seri 34 | 2026 -Membangun Retensi Talenta ASN di Tengah Perubahan Ekspektasi Karier.,Neutral - Discussion
3535,@adamali9417,link poat test kok belum ada ya ?,SNoTOeID7lM,ASN Belajar Seri 34 | 2026 -Membangun Retensi Talenta ASN di Tengah Perubahan Ekspektasi Karier.,Neutral - Discussion
3563,@MardanSuratno,semangat,SNoTOeID7lM,ASN Belajar Seri 34 | 2026 -Membangun Retensi Talenta ASN di Tengah Perubahan Ekspektasi Karier.,Neutral - Discussion
3565,@91mandalaairlines,Baaaang Jatim,SNoTOeID7lM,ASN Belajar Seri 34 | 2026 -Membangun Retensi Talenta ASN di Tengah Perubahan Ekspektasi Karier.,Neutral - Discussion
3600,@91mandalaairlines,ASN tanpa Baaaang Jatim emang bisa kak?,SNoTOeID7lM,ASN Belajar Seri 34 | 2026 -Membangun Retensi Talenta ASN di Tengah Perubahan Ekspektasi Karier.,Neutral - Discussion
3603,@parmansimbala8447,Apa pendapat Bapak Ketika Pimpinan berada di kotak 7 sedangkan bawahan di kotak 9 ????,SNoTOeID7lM,ASN Belajar Seri 34 | 2026 -Membangun Retensi Talenta ASN di Tengah Perubahan Ekspektasi Karier.,Neutral - Discussion
3640,@AhmadUtama-x2w,"mohon ijin bertanya ke pak samsul..dengan materi yg bapak sampaikan,apa ada korelasi dalam manajerial pemerintahan sekarang terkait materi yang anda sampaikan yang sekarang banyak yang tidak sesuai ..",SNoTOeID7lM,ASN Belajar Seri 34 | 2026 -Membangun Retensi Talenta ASN di Tengah Perubahan Ekspektasi Karier.,Neutral - Discussion
3652,@elshaarmie9698,hdr,SNoTOeID7lM,ASN Belajar Seri 34 | 2026 -Membangun Retensi Talenta ASN di Tengah Perubahan Ekspektasi Karier.,Neutral - Discussion
3655,@91mandalaairlines,"ASN Jawa Timur itu lebih serem daripada ASN di Sumatera Utara, itu beda banget Kualitas layanan di Medan dengan Surabaya",SNoTOeID7lM,ASN Belajar Seri 34 | 2026 -Membangun Retensi Talenta ASN di Tengah Perubahan Ekspektasi Karier.,Neutral - Discussion
3681,@BayuBagasRasya,"regulasi untuk penilaian kinerja dan angka kredit sepertinya perlu untuk ditinjau kembali apakah sudah sesuai dengan yg diharapkan atau justru sebaliknya, pak",SNoTOeID7lM,ASN Belajar Seri 34 | 2026 -Membangun Retensi Talenta ASN di Tengah Perubahan Ekspektasi Karier.,Neutral - Discussion
3684,@OktaviaOktavia-z3h,"oktafia, banhub sumbar",SNoTOeID7lM,ASN Belajar Seri 34 | 2026 -Membangun Retensi Talenta ASN di Tengah Perubahan Ekspektasi Karier.,Neutral - Discussion
3697,@KendaSaputra-u6t,gaji mengiring saja pak kalo bisa penempatan kerja baik pns atau p3k harus lbh dekat dengan keluarga..gimana sprti saya pak dikabupaten musi Banyuasin. udah gaji kecil jauh pula di pelosok desa,SNoTOeID7lM,ASN Belajar Seri 34 | 2026 -Membangun Retensi Talenta ASN di Tengah Perubahan Ekspektasi Karier.,Neutral - Discussion
3707,@noercholis2234,apakah benar Talenta dapat dilaksanakan sesuai rencana dan harapan ASN? ,SNoTOeID7lM,ASN Belajar Seri 34 | 2026 -Membangun Retensi Talenta ASN di Tengah Perubahan Ekspektasi Karier.,Neutral - Discussion
3712,@91mandalaairlines,"sama-sama ASN tapi ya kalau digabungin tetap aja beda kelas, atau Kasta antara ASN Jawa Timur dengan ASN di Sumatera Utara",SNoTOeID7lM,ASN Belajar Seri 34 | 2026 -Membangun Retensi Talenta ASN di Tengah Perubahan Ekspektasi Karier.,Neutral - Discussion
3723,@ZRzeter,@Zakiyah MAN BULELENG BALI,SNoTOeID7lM,ASN Belajar Seri 34 | 2026 -Membangun Retensi Talenta ASN di Tengah Perubahan Ekspektasi Karier.,Neutral - Discussion
3727,@Armandx3m,jadi kesimpulannya ASN disuruh berhemat di saat Negara hambur2kan uang untuk proyek janji politik?,SNoTOeID7lM,ASN Belajar Seri 34 | 2026 -Membangun Retensi Talenta ASN di Tengah Perubahan Ekspektasi Karier.,Neutral - Discussion
3730,@NurainiDewi-m7x,bagaimana tip dan trik agar cepat naik meningkat ke kotak yang lebih tinggi pak... dan kenapa posisi kotak kadang berubah rubah...,SNoTOeID7lM,ASN Belajar Seri 34 | 2026 -Membangun Retensi Talenta ASN di Tengah Perubahan Ekspektasi Karier.,Neutral - Discussion
3783,@risaseptiana2642,"Pak ijin bertanya, sesuai dengan tema yang diangkat yaitu bertumbuh, berkembang dan berkontribusi. Bagaimana cara ASN melakukan hal tersebut apabila tidak ada dukungan dari pemerintah ??",SNoTOeID7lM,ASN Belajar Seri 34 | 2026 -Membangun Retensi Talenta ASN di Tengah Perubahan Ekspektasi Karier.,Neutral - Discussion
3829,@piranufiani5623,"mohon izin bertanya, misal kita sudah berkontribusi sesuai Visi Misi pemerintahan, pertanyaan saya apakah Pemerintahan memberi Apresiasi? dan Apresiasi apa yang akan diberikan Pemerintahan?",SNoTOeID7lM,ASN Belajar Seri 34 | 2026 -Membangun Retensi Talenta ASN di Tengah Perubahan Ekspektasi Karier.,Neutral - Discussion
3839,@ahmadarlifansahismail9958,"Bagaimana meyakinkan talenta unggul bertahan jika birokrasi masih mengganjar kepatuhan dan senioritas? Tanpa reformasi kompensasi dan jalur cepat berbasis kinerja, meritokrasi hanya sekadar retorika.",SNoTOeID7lM,ASN Belajar Seri 34 | 2026 -Membangun Retensi Talenta ASN di Tengah Perubahan Ekspektasi Karier.,Neutral - Discussion
3955,@syaifulbahri3983,"Yuni Sri Yanti S. Ag. MAS Darussa'ah Cot Bada .Kabupaten Bireuen, Hadir",SNoTOeID7lM,ASN Belajar Seri 34 | 2026 -Membangun Retensi Talenta ASN di Tengah Perubahan Ekspektasi Karier.,Neutral - Discussion
3961,@ryanrm777,yg asn putra putri kalimantan masih di jakarta,SNoTOeID7lM,ASN Belajar Seri 34 | 2026 -Membangun Retensi Talenta ASN di Tengah Perubahan Ekspektasi Karier.,Neutral - Discussion
3982,@heripratikno-i1d,Manajemen Talenta bagus tetapi praktiknya promosi jabatan lebih mengutamakan pertimbangan politis.,SNoTOeID7lM,ASN Belajar Seri 34 | 2026 -Membangun Retensi Talenta ASN di Tengah Perubahan Ekspektasi Karier.,Neutral - Discussion
3985,@halimahbatubara4631,"UPTD SDN 124404 Kota Pematangsiantar, hadir siap mengikuti",SNoTOeID7lM,ASN Belajar Seri 34 | 2026 -Membangun Retensi Talenta ASN di Tengah Perubahan Ekspektasi Karier.,Neutral - Discussion
3991,@tigabelas4503,smpn2diwek,SNoTOeID7lM,ASN Belajar Seri 34 | 2026 -Membangun Retensi Talenta ASN di Tengah Perubahan Ekspektasi Karier.,Neutral - Discussion
4043,@BettyRuswandani-r9p5d,Siap,SNoTOeID7lM,ASN Belajar Seri 34 | 2026 -Membangun Retensi Talenta ASN di Tengah Perubahan Ekspektasi Karier.,Neutral - Discussion
4048,@dwinurcahyanto672,ALHAMDULILLAH,SNoTOeID7lM,ASN Belajar Seri 34 | 2026 -Membangun Retensi Talenta ASN di Tengah Perubahan Ekspektasi Karier.,Neutral - Discussion
4085,@tututhandayani2821,nga bisa habsen,SNoTOeID7lM,ASN Belajar Seri 34 | 2026 -Membangun Retensi Talenta ASN di Tengah Perubahan Ekspektasi Karier.,Neutral - Discussion
4131,@tigabelas4503,menyimakwebinar,SNoTOeID7lM,ASN Belajar Seri 34 | 2026 -Membangun Retensi Talenta ASN di Tengah Perubahan Ekspektasi Karier.,Neutral - Discussion
4154,@BettyRuswandani-r9p5d,mengikut,SNoTOeID7lM,ASN Belajar Seri 34 | 2026 -Membangun Retensi Talenta ASN di Tengah Perubahan Ekspektasi Karier.,Neutral - Discussion
4189,@BayuBagasRasya,"pertanyaan, pak, tolong disampaikan kepada pak direktur. apakah kenaikan jenjang dapat dibarengi dengan kenaikan pangkat, dan bagaimana mekanismenya?",SNoTOeID7lM,ASN Belajar Seri 34 | 2026 -Membangun Retensi Talenta ASN di Tengah Perubahan Ekspektasi Karier.,Neutral - Discussion
4197,@BettyRuswandani-r9p5d,masih mengikuti,SNoTOeID7lM,ASN Belajar Seri 34 | 2026 -Membangun Retensi Talenta ASN di Tengah Perubahan Ekspektasi Karier.,Neutral - Discussion
4201,@MuhyiddinMuslimin,KESIMPULAN DARI MATERI PAK SAMSUL...SAAT ASN BERBASIS DATA DI MY ASN MAKA ASN WAJIB UPDATE DATA...,SNoTOeID7lM,ASN Belajar Seri 34 | 2026 -Membangun Retensi Talenta ASN di Tengah Perubahan Ekspektasi Karier.,Neutral - Discussion
4236,@NengCucuSriRusmini,neng cucu Sri Rusmini penyuluh KUA jampangtengah hadir,SNoTOeID7lM,ASN Belajar Seri 34 | 2026 -Membangun Retensi Talenta ASN di Tengah Perubahan Ekspektasi Karier.,Neutral - Discussion
4274,@BettyRuswandani-r9p5d,siap mengikuti,SNoTOeID7lM,ASN Belajar Seri 34 | 2026 -Membangun Retensi Talenta ASN di Tengah Perubahan Ekspektasi Karier.,Neutral - Discussion
4294,@parmansimbala8447,IZIN BERTANYA PAK...APA PENDAPAT BAPAK KETIKA PIMPINAN BERADA DI KOTAK 7 SEDANGKAN BAWAHANBERADA DI KOTAK 9 MANAJEMEN TALENTA ??,SNoTOeID7lM,ASN Belajar Seri 34 | 2026 -Membangun Retensi Talenta ASN di Tengah Perubahan Ekspektasi Karier.,Neutral - Discussion
4319,@BayuBagasRasya,"bagaimana mau berkembang, jika kontribusi pada e-kinerja tidak anggap sebagai kinerja, dan penilianan pada e-kinerja tidak banyak berarti untuk sebagian JF, pak?\",SNoTOeID7lM,ASN Belajar Seri 34 | 2026 -Membangun Retensi Talenta ASN di Tengah Perubahan Ekspektasi Karier.,Neutral - Discussion
4499,@a.wazdahirwan873,A.Wazdah Irwan_Inspektorat Daerah kabupaen Bulukumba Hadir,SNoTOeID7lM,ASN Belajar Seri 34 | 2026 -Membangun Retensi Talenta ASN di Tengah Perubahan Ekspektasi Karier.,Neutral - Discussion
4540,@BettyRuswandani-r9p5d,Bagaimana cara menciptakan jalur karier yang transparan dan berbasis kompetensi agar ASN merasa memiliki masa depan karier yang jelas di dalam organisasi,SNoTOeID7lM,ASN Belajar Seri 34 | 2026 -Membangun Retensi Talenta ASN di Tengah Perubahan Ekspektasi Karier.,Neutral - Discussion
4591,@peranciscusaryanto9123,Peranciscus Aryanto_Fungsional Adyatama Kepariwisataan dan Ekonomi Kreatif Ahli Madya_Disbudpar Belitung Timur_Hadir,SNoTOeID7lM,ASN Belajar Seri 34 | 2026 -Membangun Retensi Talenta ASN di Tengah Perubahan Ekspektasi Karier.,Neutral - Discussion
4609,@donaldbutarbutar223,"Donald Butar-Butar, S.Th. Penyuluh Agama Kristen Kemenag Kota Pematangsiantar",SNoTOeID7lM,ASN Belajar Seri 34 | 2026 -Membangun Retensi Talenta ASN di Tengah Perubahan Ekspektasi Karier.,Neutral - Discussion
4684,@indardeefa3870,Indar,SNoTOeID7lM,ASN Belajar Seri 34 | 2026 -Membangun Retensi Talenta ASN di Tengah Perubahan Ekspektasi Karier.,Neutral - Discussion
4721,@novitawidiantari8459,"usulan usulan itu akhirnya tidak menjadi subyektif, berarti sebelum2nya subyektif ya Pak..",SNoTOeID7lM,ASN Belajar Seri 34 | 2026 -Membangun Retensi Talenta ASN di Tengah Perubahan Ekspektasi Karier.,Neutral - Discussion
4792,@noercholis2234,"setuju sekali teorinya, tapi....",SNoTOeID7lM,ASN Belajar Seri 34 | 2026 -Membangun Retensi Talenta ASN di Tengah Perubahan Ekspektasi Karier.,Neutral - Discussion
4806,@afrizalsukmana733,JF Perencana Ahli Pertama Kecamatan Kuripan Kabupaten Probolinggo hadir,SNoTOeID7lM,ASN Belajar Seri 34 | 2026 -Membangun Retensi Talenta ASN di Tengah Perubahan Ekspektasi Karier.,Neutral - Discussion
4806,@sukmawati5566,Mengikuti,SNoTOeID7lM,ASN Belajar Seri 34 | 2026 -Membangun Retensi Talenta ASN di Tengah Perubahan Ekspektasi Karier.,Neutral - Discussion
4839,@ahmadarlifansahismail9958,"Bagaimana BKD Jatim menjaga retensi PPPK jika fokusnya hanya PNS? Tanpa jalur karier dan insentif setara, talenta PPPK dipandang sekadar tenaga kontrak, bukan bagian dari talent pool jangka panjang",SNoTOeID7lM,ASN Belajar Seri 34 | 2026 -Membangun Retensi Talenta ASN di Tengah Perubahan Ekspektasi Karier.,Neutral - Discussion
4916,@auliasafira7386, h a d i r,SNoTOeID7lM,ASN Belajar Seri 34 | 2026 -Membangun Retensi Talenta ASN di Tengah Perubahan Ekspektasi Karier.,Neutral - Discussion
4936,@MEISKEMAMAHIT-et8cl,Meiske Mamahit,SNoTOeID7lM,ASN Belajar Seri 34 | 2026 -Membangun Retensi Talenta ASN di Tengah Perubahan Ekspektasi Karier.,Neutral - Discussion
4946,@piranufiani5623,"Izin bertanya, misal dalam organisasi terdapat PPPK PW, Apakah Pemerintah memberikan kesempatan untuk mengembangkan talenta? yangmana bersaing dengan mereka yang berstatus ASN & PPPK PENUH",SNoTOeID7lM,ASN Belajar Seri 34 | 2026 -Membangun Retensi Talenta ASN di Tengah Perubahan Ekspektasi Karier.,Neutral - Discussion
5003,@mirzadewi9355,mengikuti....,SNoTOeID7lM,ASN Belajar Seri 34 | 2026 -Membangun Retensi Talenta ASN di Tengah Perubahan Ekspektasi Karier.,Neutral - Discussion
5020,@noercholis2234,siap,SNoTOeID7lM,ASN Belajar Seri 34 | 2026 -Membangun Retensi Talenta ASN di Tengah Perubahan Ekspektasi Karier.,Neutral - Discussion
5064,@anisanggraini7130,Anis ,SNoTOeID7lM,ASN Belajar Seri 34 | 2026 -Membangun Retensi Talenta ASN di Tengah Perubahan Ekspektasi Karier.,Neutral - Discussion
5086,@EvaRosnia,"Kalau di Pemprov Jatim mungkin sudah terwujud seperi diteori.. tapi sayang di Pemda yg penuh ""drama"" siapa koneksi kuat itu yang bla..bla..bla..bla.. hehehe",SNoTOeID7lM,ASN Belajar Seri 34 | 2026 -Membangun Retensi Talenta ASN di Tengah Perubahan Ekspektasi Karier.,Neutral - Discussion
5091,@ahmadsofian3663,"ijin bertanya, untuk di daerah kabupaten sering kali karir struktural sangat politis, sedangkan karir di jabatan fungsional untuk naik jenjang termasuk Tunjangannya tidak sesuai peraturan yg ada",SNoTOeID7lM,ASN Belajar Seri 34 | 2026 -Membangun Retensi Talenta ASN di Tengah Perubahan Ekspektasi Karier.,Neutral - Discussion
5190,@nurainiasri6217,Bagaimana jika hasil manajemen talenta tidak sesuai dengan penempatan ASN?,SNoTOeID7lM,ASN Belajar Seri 34 | 2026 -Membangun Retensi Talenta ASN di Tengah Perubahan Ekspektasi Karier.,Neutral - Discussion
5204,@fatmacahyo,"Dari Instansi Pembina JFT sudah membuka peluang untuk Uji Kompetensi, namun BKPSDM Daerah belum bersedia mengusulkan, apa yang harus kami lakukan ? Padahal Syarat dan ketentuan sudah terpenuhi. ",SNoTOeID7lM,ASN Belajar Seri 34 | 2026 -Membangun Retensi Talenta ASN di Tengah Perubahan Ekspektasi Karier.,Neutral - Discussion
5209,@fungsionalbkd5697,"Wujudkan penggajian seluruh ASN Pemda dari pusat, supaya ASN Pemda penggajian dan tunjangan tidak mngalami keterlambatan terus, seperti diawal tahun Gaji Januari kadang baru dibayarkan di Feb atau Mar",SNoTOeID7lM,ASN Belajar Seri 34 | 2026 -Membangun Retensi Talenta ASN di Tengah Perubahan Ekspektasi Karier.,Neutral - Discussion
5239,@kunnil_brw1794,"ijin bertanya,,",SNoTOeID7lM,ASN Belajar Seri 34 | 2026 -Membangun Retensi Talenta ASN di Tengah Perubahan Ekspektasi Karier.,Neutral - Discussion
5383,@BettyRuswandani-r9p5d,teorii...,SNoTOeID7lM,ASN Belajar Seri 34 | 2026 -Membangun Retensi Talenta ASN di Tengah Perubahan Ekspektasi Karier.,Neutral - Discussion
5390,@BettyRuswandani-r9p5d,prakteknyaaa,SNoTOeID7lM,ASN Belajar Seri 34 | 2026 -Membangun Retensi Talenta ASN di Tengah Perubahan Ekspektasi Karier.,Neutral - Discussion
5392,@auliasafira7386,o k i d i s p e r p u s i p j a t i m h a d i r,SNoTOeID7lM,ASN Belajar Seri 34 | 2026 -Membangun Retensi Talenta ASN di Tengah Perubahan Ekspektasi Karier.,Neutral - Discussion
5417,@laeliashari7987,Laeli BPBD Jember,SNoTOeID7lM,ASN Belajar Seri 34 | 2026 -Membangun Retensi Talenta ASN di Tengah Perubahan Ekspektasi Karier.,Neutral - Discussion
5509,@BettyRuswandani-r9p5d,sidoarjo,SNoTOeID7lM,ASN Belajar Seri 34 | 2026 -Membangun Retensi Talenta ASN di Tengah Perubahan Ekspektasi Karier.,Neutral - Discussion
5623,@Abdulkholiqsdn2panggungrejokep,tetap yimak,SNoTOeID7lM,ASN Belajar Seri 34 | 2026 -Membangun Retensi Talenta ASN di Tengah Perubahan Ekspektasi Karier.,Neutral - Discussion
5707,@HariantoZakaria,upgrade talenta,SNoTOeID7lM,ASN Belajar Seri 34 | 2026 -Membangun Retensi Talenta ASN di Tengah Perubahan Ekspektasi Karier.,Neutral - Discussion
5750,@EkaKomalaSari-o4u,ekakomalasari bapenda kab. empat lawang,SNoTOeID7lM,ASN Belajar Seri 34 | 2026 -Membangun Retensi Talenta ASN di Tengah Perubahan Ekspektasi Karier.,Neutral - Discussion
5770,@SuratP3MBappedaLampung,"keren bener mang BPSDM Jatim, terimakasih bapak ibu",SNoTOeID7lM,ASN Belajar Seri 34 | 2026 -Membangun Retensi Talenta ASN di Tengah Perubahan Ekspektasi Karier.,Neutral - Discussion
5802,@HariantoZakaria,Pendekatan Humanistik tdk bisa digantikan dg teknologi,SNoTOeID7lM,ASN Belajar Seri 34 | 2026 -Membangun Retensi Talenta ASN di Tengah Perubahan Ekspektasi Karier.,Neutral - Discussion
5807,@KecamatanTanaLia-k9z,@resnoviantypalumean,SNoTOeID7lM,ASN Belajar Seri 34 | 2026 -Membangun Retensi Talenta ASN di Tengah Perubahan Ekspektasi Karier.,Neutral - Discussion
5834,@ersimamonto6642,Ersi Mamonto / ASN Kel Tikala Ares,SNoTOeID7lM,ASN Belajar Seri 34 | 2026 -Membangun Retensi Talenta ASN di Tengah Perubahan Ekspektasi Karier.,Neutral - Discussion
5884,@novitawidiantari8459,reward n punishment utk ASN yg berkinerja baik itu berupa apa ya Pak,SNoTOeID7lM,ASN Belajar Seri 34 | 2026 -Membangun Retensi Talenta ASN di Tengah Perubahan Ekspektasi Karier.,Neutral - Discussion
5955,@auliasafira7386,h a d i r,SNoTOeID7lM,ASN Belajar Seri 34 | 2026 -Membangun Retensi Talenta ASN di Tengah Perubahan Ekspektasi Karier.,Neutral - Discussion
5961,@EvaRosnia,"Pas lihat Kotak MT ini, merasa lucu.. saat atasan ada di kotak 2 tapi bawahan ada di kotak 8.. hehhehe..",SNoTOeID7lM,ASN Belajar Seri 34 | 2026 -Membangun Retensi Talenta ASN di Tengah Perubahan Ekspektasi Karier.,Neutral - Discussion
6009,@Abdulkholiqsdn2panggungrejokep,yimak,SNoTOeID7lM,ASN Belajar Seri 34 | 2026 -Membangun Retensi Talenta ASN di Tengah Perubahan Ekspektasi Karier.,Neutral - Discussion
6025,@HariantoZakaria,tumbuh dan berkembang dg manajemen talenta,SNoTOeID7lM,ASN Belajar Seri 34 | 2026 -Membangun Retensi Talenta ASN di Tengah Perubahan Ekspektasi Karier.,Neutral - Discussion
6074,@mohamadyahya-n7q,Y,SNoTOeID7lM,ASN Belajar Seri 34 | 2026 -Membangun Retensi Talenta ASN di Tengah Perubahan Ekspektasi Karier.,Neutral - Discussion
6101,@PurwantoUptpeternakan,mengikuti Live di youtube,SNoTOeID7lM,ASN Belajar Seri 34 | 2026 -Membangun Retensi Talenta ASN di Tengah Perubahan Ekspektasi Karier.,Neutral - Discussion
6201,@EvaRosnia,"selama pengambil kebijakan di daerah tersebut tidak memiliki pola pikir yang maju dan menerapkan MT, jangan harap pengelolaan SDMnya akan baik.",SNoTOeID7lM,ASN Belajar Seri 34 | 2026 -Membangun Retensi Talenta ASN di Tengah Perubahan Ekspektasi Karier.,Neutral - Discussion
6302,@nurhidayatiIda70,Nurhidayati MAN 2 Kampar,SNoTOeID7lM,ASN Belajar Seri 34 | 2026 -Membangun Retensi Talenta ASN di Tengah Perubahan Ekspektasi Karier.,Neutral - Discussion
6355,@etinurbaeti4369,Eti Nurbaeti MAN 2 Bekasi,SNoTOeID7lM,ASN Belajar Seri 34 | 2026 -Membangun Retensi Talenta ASN di Tengah Perubahan Ekspektasi Karier.,Neutral - Discussion
6368,@muhammadsuudin8033,semangat kawan,SNoTOeID7lM,ASN Belajar Seri 34 | 2026 -Membangun Retensi Talenta ASN di Tengah Perubahan Ekspektasi Karier.,Neutral - Discussion
6414,@ghansayyidina385,"izin, materinya bisa di share?",SNoTOeID7lM,ASN Belajar Seri 34 | 2026 -Membangun Retensi Talenta ASN di Tengah Perubahan Ekspektasi Karier.,Neutral - Discussion
6416,@muhammadsuudin8033,setia,SNoTOeID7lM,ASN Belajar Seri 34 | 2026 -Membangun Retensi Talenta ASN di Tengah Perubahan Ekspektasi Karier.,Neutral - Discussion
6481,@HariantoZakaria,Materi ada di link bio,SNoTOeID7lM,ASN Belajar Seri 34 | 2026 -Membangun Retensi Talenta ASN di Tengah Perubahan Ekspektasi Karier.,Neutral - Discussion
6498,@HendraBasuki-s7c,Hendra kelurahan rangkah,SNoTOeID7lM,ASN Belajar Seri 34 | 2026 -Membangun Retensi Talenta ASN di Tengah Perubahan Ekspektasi Karier.,Neutral - Discussion
6500,@muhammadsuudin8033,Ok,SNoTOeID7lM,ASN Belajar Seri 34 | 2026 -Membangun Retensi Talenta ASN di Tengah Perubahan Ekspektasi Karier.,Neutral - Discussion
6511,@muhammadsuudin8033,mantab,SNoTOeID7lM,ASN Belajar Seri 34 | 2026 -Membangun Retensi Talenta ASN di Tengah Perubahan Ekspektasi Karier.,Neutral - Discussion
6537,@muhammadsuudin8033,ayo.......,SNoTOeID7lM,ASN Belajar Seri 34 | 2026 -Membangun Retensi Talenta ASN di Tengah Perubahan Ekspektasi Karier.,Neutral - Discussion
6582,@amazingnaruto,OK,SNoTOeID7lM,ASN Belajar Seri 34 | 2026 -Membangun Retensi Talenta ASN di Tengah Perubahan Ekspektasi Karier.,Neutral - Discussion
6586,@khambalivivy5001,msh mrnyimak,SNoTOeID7lM,ASN Belajar Seri 34 | 2026 -Membangun Retensi Talenta ASN di Tengah Perubahan Ekspektasi Karier.,Neutral - Discussion
6608,@HariantoZakaria,suksesor planning terkait dg meritokrasi,SNoTOeID7lM,ASN Belajar Seri 34 | 2026 -Membangun Retensi Talenta ASN di Tengah Perubahan Ekspektasi Karier.,Neutral - Discussion
6637,@SeliPokja_SKP,"Hopeless ga sih... riwayat jabatan panjang ternyata dinilai merah, tidak pernah DIAJAK ASESMEN jadi POTENSI RENDAH... MAKA SAYA ADA DI BOX 2 saja wkwkwk #ironi",SNoTOeID7lM,ASN Belajar Seri 34 | 2026 -Membangun Retensi Talenta ASN di Tengah Perubahan Ekspektasi Karier.,Neutral - Discussion
6652,@HariantoZakaria,suksesor planning,SNoTOeID7lM,ASN Belajar Seri 34 | 2026 -Membangun Retensi Talenta ASN di Tengah Perubahan Ekspektasi Karier.,Neutral - Discussion
6705,@muhammadsuudin8033,semangat untuk menjadi ASN yang bertumbuh berkembang dan berkontribusi,SNoTOeID7lM,ASN Belajar Seri 34 | 2026 -Membangun Retensi Talenta ASN di Tengah Perubahan Ekspektasi Karier.,Neutral - Discussion
6727,@resimojo,administratif,SNoTOeID7lM,ASN Belajar Seri 34 | 2026 -Membangun Retensi Talenta ASN di Tengah Perubahan Ekspektasi Karier.,Neutral - Discussion
6753,@SeliPokja_SKP,Keterlibatan pimpinan inilah yang sering membuat frustasi bawahan ,SNoTOeID7lM,ASN Belajar Seri 34 | 2026 -Membangun Retensi Talenta ASN di Tengah Perubahan Ekspektasi Karier.,Neutral - Discussion
6755,@fatmayulis77,mantap,SNoTOeID7lM,ASN Belajar Seri 34 | 2026 -Membangun Retensi Talenta ASN di Tengah Perubahan Ekspektasi Karier.,Neutral - Discussion
6765,@fatmayulis77,sukses selalu,SNoTOeID7lM,ASN Belajar Seri 34 | 2026 -Membangun Retensi Talenta ASN di Tengah Perubahan Ekspektasi Karier.,Neutral - Discussion
6782,@HariantoZakaria,box talent,SNoTOeID7lM,ASN Belajar Seri 34 | 2026 -Membangun Retensi Talenta ASN di Tengah Perubahan Ekspektasi Karier.,Neutral - Discussion
6785,@fatmayulis77,semoga semakin berkarya,SNoTOeID7lM,ASN Belajar Seri 34 | 2026 -Membangun Retensi Talenta ASN di Tengah Perubahan Ekspektasi Karier.,Neutral - Discussion
6794,@muhammadsuudin8033,hadroh,SNoTOeID7lM,ASN Belajar Seri 34 | 2026 -Membangun Retensi Talenta ASN di Tengah Perubahan Ekspektasi Karier.,Neutral - Discussion
6820,@tututhandayani2821,Daftar hadirnya pakai NIK juga ia Bapak,SNoTOeID7lM,ASN Belajar Seri 34 | 2026 -Membangun Retensi Talenta ASN di Tengah Perubahan Ekspektasi Karier.,Neutral - Discussion
6856,@edangpupr552,mengikuti,SNoTOeID7lM,ASN Belajar Seri 34 | 2026 -Membangun Retensi Talenta ASN di Tengah Perubahan Ekspektasi Karier.,Neutral - Discussion
6881,@heriyantozaky7634,HERIYANTO tetap semangat,SNoTOeID7lM,ASN Belajar Seri 34 | 2026 -Membangun Retensi Talenta ASN di Tengah Perubahan Ekspektasi Karier.,Neutral - Discussion
6883,@bluefire5957,Ijin bertanya pak.. Bagaimana cara mengatasi adanya konflik kepentingan dalam instansi ketika pengisian jabatan hasil manajemen talenta bertemu dengan jabatan hasil pengangkatan lama ?,SNoTOeID7lM,ASN Belajar Seri 34 | 2026 -Membangun Retensi Talenta ASN di Tengah Perubahan Ekspektasi Karier.,Neutral - Discussion
6902,@HariantoZakaria,ekosistem kesadaran pengembangan diri secara mandiri,SNoTOeID7lM,ASN Belajar Seri 34 | 2026 -Membangun Retensi Talenta ASN di Tengah Perubahan Ekspektasi Karier.,Neutral - Discussion
7001,@HariantoZakaria,Webinar eps 35 ,SNoTOeID7lM,ASN Belajar Seri 34 | 2026 -Membangun Retensi Talenta ASN di Tengah Perubahan Ekspektasi Karier.,Neutral - Discussion
7009,@muhammadsuudin8033,karier ASN selalu kandas oleh sistem kedekatan,SNoTOeID7lM,ASN Belajar Seri 34 | 2026 -Membangun Retensi Talenta ASN di Tengah Perubahan Ekspektasi Karier.,Neutral - Discussion
7045,@kusumanungutami6158,had8r,SNoTOeID7lM,ASN Belajar Seri 34 | 2026 -Membangun Retensi Talenta ASN di Tengah Perubahan Ekspektasi Karier.,Neutral - Discussion
7055,@DHIVARBAHARI,"@muhammadsuudin8033 betul sekali,,,",SNoTOeID7lM,ASN Belajar Seri 34 | 2026 -Membangun Retensi Talenta ASN di Tengah Perubahan Ekspektasi Karier.,Neutral - Discussion
7082,@ratnasari-zg6te,RATNASARI HARI,SNoTOeID7lM,ASN Belajar Seri 34 | 2026 -Membangun Retensi Talenta ASN di Tengah Perubahan Ekspektasi Karier.,Neutral - Discussion
7093,@muhammadsuudin8033,siapa dekat dia naik pangkat ASN,SNoTOeID7lM,ASN Belajar Seri 34 | 2026 -Membangun Retensi Talenta ASN di Tengah Perubahan Ekspektasi Karier.,Neutral - Discussion
7148,@HariantoZakaria,pemetaan data talenta = system building talent,SNoTOeID7lM,ASN Belajar Seri 34 | 2026 -Membangun Retensi Talenta ASN di Tengah Perubahan Ekspektasi Karier.,Neutral - Discussion
7153,@disperindagkotabatu8583,kenapa sekarang di ASN Belajar untuk materi jarang di share link nya,SNoTOeID7lM,ASN Belajar Seri 34 | 2026 -Membangun Retensi Talenta ASN di Tengah Perubahan Ekspektasi Karier.,Neutral - Discussion
7156,@fatmayulis77,tetap semangat,SNoTOeID7lM,ASN Belajar Seri 34 | 2026 -Membangun Retensi Talenta ASN di Tengah Perubahan Ekspektasi Karier.,Neutral - Discussion
7164,@heriyantozaky7634,tetap semangat,SNoTOeID7lM,ASN Belajar Seri 34 | 2026 -Membangun Retensi Talenta ASN di Tengah Perubahan Ekspektasi Karier.,Neutral - Discussion
7173,@dianahendrawati388,SMPN 1 Kebonsari Kab.Madiun.,SNoTOeID7lM,ASN Belajar Seri 34 | 2026 -Membangun Retensi Talenta ASN di Tengah Perubahan Ekspektasi Karier.,Neutral - Discussion
7190,@nurainiasri6217,Pemprov Jatim keren,SNoTOeID7lM,ASN Belajar Seri 34 | 2026 -Membangun Retensi Talenta ASN di Tengah Perubahan Ekspektasi Karier.,Neutral - Discussion
7233,@heriyantozaky7634,mengikuti,SNoTOeID7lM,ASN Belajar Seri 34 | 2026 -Membangun Retensi Talenta ASN di Tengah Perubahan Ekspektasi Karier.,Neutral - Discussion
7263,@HariantoZakaria,box talent mengarah pada suksesor merit,SNoTOeID7lM,ASN Belajar Seri 34 | 2026 -Membangun Retensi Talenta ASN di Tengah Perubahan Ekspektasi Karier.,Neutral - Discussion
7268,@DisnakerinSarpras2024,lilik suryani disnakertransprin bwi,SNoTOeID7lM,ASN Belajar Seri 34 | 2026 -Membangun Retensi Talenta ASN di Tengah Perubahan Ekspektasi Karier.,Neutral - Discussion
7288,@munawwarahmuna4217,Munawwarah MIN 22 Hulu sungai Utara,SNoTOeID7lM,ASN Belajar Seri 34 | 2026 -Membangun Retensi Talenta ASN di Tengah Perubahan Ekspektasi Karier.,Neutral - Discussion
7307,@HariantoZakaria,Sistem yg sdh komprehensif,SNoTOeID7lM,ASN Belajar Seri 34 | 2026 -Membangun Retensi Talenta ASN di Tengah Perubahan Ekspektasi Karier.,Neutral - Discussion
7309,@a.wazdahirwan873,Izin kami sudah memasuki waktu sholat dzuhur,SNoTOeID7lM,ASN Belajar Seri 34 | 2026 -Membangun Retensi Talenta ASN di Tengah Perubahan Ekspektasi Karier.,Neutral - Discussion
7367,@MarkusTamawiwi,Markus meyki tamawiwi sat pol pp kota manado ASN PPPk,SNoTOeID7lM,ASN Belajar Seri 34 | 2026 -Membangun Retensi Talenta ASN di Tengah Perubahan Ekspektasi Karier.,Neutral - Discussion
7398,@partise9569,reward ASN menjaga integritas bangsa Indonesia yang baik,SNoTOeID7lM,ASN Belajar Seri 34 | 2026 -Membangun Retensi Talenta ASN di Tengah Perubahan Ekspektasi Karier.,Neutral - Discussion
7409,@widyaekananda5103,HASDIR,SNoTOeID7lM,ASN Belajar Seri 34 | 2026 -Membangun Retensi Talenta ASN di Tengah Perubahan Ekspektasi Karier.,Neutral - Discussion
7427,@W471YU,di lap lain hhhh,SNoTOeID7lM,ASN Belajar Seri 34 | 2026 -Membangun Retensi Talenta ASN di Tengah Perubahan Ekspektasi Karier.,Neutral - Discussion
7434,@sriutami2777,PMK Cabdin Probolinggo,SNoTOeID7lM,ASN Belajar Seri 34 | 2026 -Membangun Retensi Talenta ASN di Tengah Perubahan Ekspektasi Karier.,Neutral - Discussion
7508,@piranufiani5623,"izin bertanya, jika seseorang memiliki manajemen talenta lalu semua pekerjaan menggunakan AI dan digitalisasi ,apakah tidak menutup kemungkinan mudahnya kebocoran data? misal cyber kriminal",SNoTOeID7lM,ASN Belajar Seri 34 | 2026 -Membangun Retensi Talenta ASN di Tengah Perubahan Ekspektasi Karier.,Neutral - Discussion
7525,@muhammadsuudin8033,tetap semangat meski sering terabaikan,SNoTOeID7lM,ASN Belajar Seri 34 | 2026 -Membangun Retensi Talenta ASN di Tengah Perubahan Ekspektasi Karier.,Neutral - Discussion
7529,@agusmuliani1043,TIDAK BISA DKLIK,SNoTOeID7lM,ASN Belajar Seri 34 | 2026 -Membangun Retensi Talenta ASN di Tengah Perubahan Ekspektasi Karier.,Neutral - Discussion
7532,@LindaMufidah-s2w,Linda Mufidah Bag. Tata Pemerintahan Pemkab Gresik,SNoTOeID7lM,ASN Belajar Seri 34 | 2026 -Membangun Retensi Talenta ASN di Tengah Perubahan Ekspektasi Karier.,Neutral - Discussion
7540,@W471YU,talenta di atas kertas,SNoTOeID7lM,ASN Belajar Seri 34 | 2026 -Membangun Retensi Talenta ASN di Tengah Perubahan Ekspektasi Karier.,Neutral - Discussion
7566,@W471YU,kan cuan no 1,SNoTOeID7lM,ASN Belajar Seri 34 | 2026 -Membangun Retensi Talenta ASN di Tengah Perubahan Ekspektasi Karier.,Neutral - Discussion
7604,@W471YU,omon omon,SNoTOeID7lM,ASN Belajar Seri 34 | 2026 -Membangun Retensi Talenta ASN di Tengah Perubahan Ekspektasi Karier.,Neutral - Discussion
7675,@HariantoZakaria,Pengawan atasan lngsung tetp tdk bisa diabaikan ....,SNoTOeID7lM,ASN Belajar Seri 34 | 2026 -Membangun Retensi Talenta ASN di Tengah Perubahan Ekspektasi Karier.,Neutral - Discussion
7706,@muhammadsuudin8033,setia berkontribusi,SNoTOeID7lM,ASN Belajar Seri 34 | 2026 -Membangun Retensi Talenta ASN di Tengah Perubahan Ekspektasi Karier.,Neutral - Discussion
7748,@HariantoZakaria,upgrade kompetensi,SNoTOeID7lM,ASN Belajar Seri 34 | 2026 -Membangun Retensi Talenta ASN di Tengah Perubahan Ekspektasi Karier.,Neutral - Discussion
7774,@bundanyaanya8503,Terimakasih jg kepada Narasumber dan seluruh Panitia Pelaksana,SNoTOeID7lM,ASN Belajar Seri 34 | 2026 -Membangun Retensi Talenta ASN di Tengah Perubahan Ekspektasi Karier.,Neutral - Discussion
7794,@HariantoZakaria,tetp stay on,SNoTOeID7lM,ASN Belajar Seri 34 | 2026 -Membangun Retensi Talenta ASN di Tengah Perubahan Ekspektasi Karier.,Neutral - Discussion
7802,@W471YU,keyatanan atasan lebih kuasa menetukanhhh,SNoTOeID7lM,ASN Belajar Seri 34 | 2026 -Membangun Retensi Talenta ASN di Tengah Perubahan Ekspektasi Karier.,Neutral - Discussion
7813,@RadenTrisno-v4r,terima kasih narasumber..,SNoTOeID7lM,ASN Belajar Seri 34 | 2026 -Membangun Retensi Talenta ASN di Tengah Perubahan Ekspektasi Karier.,Neutral - Discussion
7865,@HariantoZakaria,stay on,SNoTOeID7lM,ASN Belajar Seri 34 | 2026 -Membangun Retensi Talenta ASN di Tengah Perubahan Ekspektasi Karier.,Neutral - Discussion
7918,@HariantoZakaria,Terima kasih utk bpk Narasumber,SNoTOeID7lM,ASN Belajar Seri 34 | 2026 -Membangun Retensi Talenta ASN di Tengah Perubahan Ekspektasi Karier.,Neutral - Discussion
7931,@hj.ramlahramlah5925,STAY ON,SNoTOeID7lM,ASN Belajar Seri 34 | 2026 -Membangun Retensi Talenta ASN di Tengah Perubahan Ekspektasi Karier.,Neutral - Discussion
7971,@fuadfukaha6087,sudah selesai kah??,SNoTOeID7lM,ASN Belajar Seri 34 | 2026 -Membangun Retensi Talenta ASN di Tengah Perubahan Ekspektasi Karier.,Neutral - Discussion
7973,@heriyantozaky7634,Kecamatan Manding Kab. Sumenep tetap semangat,SNoTOeID7lM,ASN Belajar Seri 34 | 2026 -Membangun Retensi Talenta ASN di Tengah Perubahan Ekspektasi Karier.,Neutral - Discussion
7975,@ElyH-ph2sl,link isi monev belum keluar min,SNoTOeID7lM,ASN Belajar Seri 34 | 2026 -Membangun Retensi Talenta ASN di Tengah Perubahan Ekspektasi Karier.,Neutral - Discussion
8016,@maulpuem,semangat,SNoTOeID7lM,ASN Belajar Seri 34 | 2026 -Membangun Retensi Talenta ASN di Tengah Perubahan Ekspektasi Karier.,Neutral - Discussion
8032,@muhammadsuudin8033,bertumbuh berkembang dan berkontribusi,SNoTOeID7lM,ASN Belajar Seri 34 | 2026 -Membangun Retensi Talenta ASN di Tengah Perubahan Ekspektasi Karier.,Neutral - Discussion
8033,@HariantoZakaria,Next sesion ...,SNoTOeID7lM,ASN Belajar Seri 34 | 2026 -Membangun Retensi Talenta ASN di Tengah Perubahan Ekspektasi Karier.,Neutral - Discussion
8164,@HariantoZakaria,Kesiapan Mental ASN,SNoTOeID7lM,ASN Belajar Seri 34 | 2026 -Membangun Retensi Talenta ASN di Tengah Perubahan Ekspektasi Karier.,Neutral - Discussion
8203,@heriyantozaky7634,selalu semangat,SNoTOeID7lM,ASN Belajar Seri 34 | 2026 -Membangun Retensi Talenta ASN di Tengah Perubahan Ekspektasi Karier.,Neutral - Discussion
8269,@HariantoZakaria,Sharing Knowlege Forum,SNoTOeID7lM,ASN Belajar Seri 34 | 2026 -Membangun Retensi Talenta ASN di Tengah Perubahan Ekspektasi Karier.,Neutral - Discussion
8356,@HariantoZakaria,Kepemimpinan mempengaruhi potensi ASN,SNoTOeID7lM,ASN Belajar Seri 34 | 2026 -Membangun Retensi Talenta ASN di Tengah Perubahan Ekspektasi Karier.,Neutral - Discussion
8372,@penyuluhagamaislamsine8913,"IDHAM, S.Th.I Penyuluh Agama Islam KUA Kec. Sine Kab. Ngawi Prov. Jawa Timur",SNoTOeID7lM,ASN Belajar Seri 34 | 2026 -Membangun Retensi Talenta ASN di Tengah Perubahan Ekspektasi Karier.,Neutral - Discussion
8411,@HariantoZakaria,Stay on,SNoTOeID7lM,ASN Belajar Seri 34 | 2026 -Membangun Retensi Talenta ASN di Tengah Perubahan Ekspektasi Karier.,Neutral - Discussion
8510,@HariantoZakaria,stay,SNoTOeID7lM,ASN Belajar Seri 34 | 2026 -Membangun Retensi Talenta ASN di Tengah Perubahan Ekspektasi Karier.,Neutral - Discussion
8530,@tigabelas4503,stay,SNoTOeID7lM,ASN Belajar Seri 34 | 2026 -Membangun Retensi Talenta ASN di Tengah Perubahan Ekspektasi Karier.,Neutral - Discussion
8574,@syafridayanti-i8c,apakah live ini dapat sertifikat kah kita,SNoTOeID7lM,ASN Belajar Seri 34 | 2026 -Membangun Retensi Talenta ASN di Tengah Perubahan Ekspektasi Karier.,Neutral - Discussion
8579,@tigabelas4503,semangat,SNoTOeID7lM,ASN Belajar Seri 34 | 2026 -Membangun Retensi Talenta ASN di Tengah Perubahan Ekspektasi Karier.,Neutral - Discussion
8581,@heriyantozaky7634,terima kasih,SNoTOeID7lM,ASN Belajar Seri 34 | 2026 -Membangun Retensi Talenta ASN di Tengah Perubahan Ekspektasi Karier.,Neutral - Discussion
8623,@aryono8657,Bapenda kepri hadier,SNoTOeID7lM,ASN Belajar Seri 34 | 2026 -Membangun Retensi Talenta ASN di Tengah Perubahan Ekspektasi Karier.,Neutral - Discussion
8709,@heriyantozaky7634,Heriyanto Sumenep masih semangat,SNoTOeID7lM,ASN Belajar Seri 34 | 2026 -Membangun Retensi Talenta ASN di Tengah Perubahan Ekspektasi Karier.,Neutral - Discussion
8710,@fawytosangkalebu9071,Ijin bertanya...langkah2 apa yang bisa kami lakukan terkait dg peningkatan karir ASN apabila fasilitas yg ada kurang memadai dan juga sekarang kita di hadapkan dg adanya efesiensi aggaran,SNoTOeID7lM,ASN Belajar Seri 34 | 2026 -Membangun Retensi Talenta ASN di Tengah Perubahan Ekspektasi Karier.,Neutral - Discussion
8720,@peranciscusaryanto9123,Izin bertanya @BPSDMJATIMTV Kalo saya lupa password akun sibangkom saya gimana?,SNoTOeID7lM,ASN Belajar Seri 34 | 2026 -Membangun Retensi Talenta ASN di Tengah Perubahan Ekspektasi Karier.,Neutral - Discussion
8737,@muhammadsuudin8033,konsisten,SNoTOeID7lM,ASN Belajar Seri 34 | 2026 -Membangun Retensi Talenta ASN di Tengah Perubahan Ekspektasi Karier.,Neutral - Discussion
8747,@Amelia14544,manajemen talenta apakah selalu berdasar pada basic pendidikanya ASN...?,SNoTOeID7lM,ASN Belajar Seri 34 | 2026 -Membangun Retensi Talenta ASN di Tengah Perubahan Ekspektasi Karier.,Neutral - Discussion
8807,@PanggabeanDesdyJulinar,"Desdy Julinar Panggabean S.Pd.K Provinsi Sumatera Utara, Kemenag Kota Padangsidempuan",SNoTOeID7lM,ASN Belajar Seri 34 | 2026 -Membangun Retensi Talenta ASN di Tengah Perubahan Ekspektasi Karier.,Neutral - Discussion
8838,@mawarkoto9808,nambah ilmu bpk ibuk...,SNoTOeID7lM,ASN Belajar Seri 34 | 2026 -Membangun Retensi Talenta ASN di Tengah Perubahan Ekspektasi Karier.,Neutral - Discussion
8863,@mawarkoto9808,Kemenag Kab. T. Datar,SNoTOeID7lM,ASN Belajar Seri 34 | 2026 -Membangun Retensi Talenta ASN di Tengah Perubahan Ekspektasi Karier.,Neutral - Discussion
8895,@muhammadsuudin8033,gresi kab,SNoTOeID7lM,ASN Belajar Seri 34 | 2026 -Membangun Retensi Talenta ASN di Tengah Perubahan Ekspektasi Karier.,Neutral - Discussion
8947,@muhammadsuudin8033,kecamatan kedamean,SNoTOeID7lM,ASN Belajar Seri 34 | 2026 -Membangun Retensi Talenta ASN di Tengah Perubahan Ekspektasi Karier.,Neutral - Discussion
8966,@muhammadsuudin8033,mantabbbb,SNoTOeID7lM,ASN Belajar Seri 34 | 2026 -Membangun Retensi Talenta ASN di Tengah Perubahan Ekspektasi Karier.,Neutral - Discussion
8997,@HariantoZakaria,Pertumbuhan karier,SNoTOeID7lM,ASN Belajar Seri 34 | 2026 -Membangun Retensi Talenta ASN di Tengah Perubahan Ekspektasi Karier.,Neutral - Discussion
9048,@muhammadsuudin8033,jp jp,SNoTOeID7lM,ASN Belajar Seri 34 | 2026 -Membangun Retensi Talenta ASN di Tengah Perubahan Ekspektasi Karier.,Neutral - Discussion
9050,@heriyantozaky7634,siap setia,SNoTOeID7lM,ASN Belajar Seri 34 | 2026 -Membangun Retensi Talenta ASN di Tengah Perubahan Ekspektasi Karier.,Neutral - Discussion
9145,@andybudiansyah1246,Dikemudian Hari apakah ada sanksi bagi Kementerian/Lembaga/Pemrop/Pemkab jika tidak menjalankan Manajemen Talenta di Instansinya ,SNoTOeID7lM,ASN Belajar Seri 34 | 2026 -Membangun Retensi Talenta ASN di Tengah Perubahan Ekspektasi Karier.,Neutral - Discussion
9172,@HariantoZakaria,Gen Z punya potensi utk resine bisa jd krn kesehatan mental dsb.,SNoTOeID7lM,ASN Belajar Seri 34 | 2026 -Membangun Retensi Talenta ASN di Tengah Perubahan Ekspektasi Karier.,Neutral - Discussion
9275,@suhartonosuhartono6799,SUHARTONO - SD NEGERI 2 TUMPANG KAB. MALANG,SNoTOeID7lM,ASN Belajar Seri 34 | 2026 -Membangun Retensi Talenta ASN di Tengah Perubahan Ekspektasi Karier.,Neutral - Discussion
9409,@muhammadsuudin8033,ayo gaes,SNoTOeID7lM,ASN Belajar Seri 34 | 2026 -Membangun Retensi Talenta ASN di Tengah Perubahan Ekspektasi Karier.,Neutral - Discussion
9454,@muhammadsuudin8033,masih setia lah,SNoTOeID7lM,ASN Belajar Seri 34 | 2026 -Membangun Retensi Talenta ASN di Tengah Perubahan Ekspektasi Karier.,Neutral - Discussion
9479,@EyangRomo-c4n,makasih sertifikatnya dan materinya sangat menambah wawasan ,SNoTOeID7lM,ASN Belajar Seri 34 | 2026 -Membangun Retensi Talenta ASN di Tengah Perubahan Ekspektasi Karier.,Neutral - Discussion
9480,@coralsamudra9897,"lingkungan kerja yg toxic & kebijakan yg gak pro ASN membuat kesehatan mental terganggu. kesejahteraan gak meningkat, mental tergangu iya. curhat donk mah.",SNoTOeID7lM,ASN Belajar Seri 34 | 2026 -Membangun Retensi Talenta ASN di Tengah Perubahan Ekspektasi Karier.,Neutral - Discussion
9522,@muhammadsuudin8033,iya donk,SNoTOeID7lM,ASN Belajar Seri 34 | 2026 -Membangun Retensi Talenta ASN di Tengah Perubahan Ekspektasi Karier.,Neutral - Discussion
9551,@ekopudjiono8343,Materi siang ini semakin menarik,SNoTOeID7lM,ASN Belajar Seri 34 | 2026 -Membangun Retensi Talenta ASN di Tengah Perubahan Ekspektasi Karier.,Neutral - Discussion
9567,@Crosink,terimakasih,SNoTOeID7lM,ASN Belajar Seri 34 | 2026 -Membangun Retensi Talenta ASN di Tengah Perubahan Ekspektasi Karier.,Neutral - Discussion
9577,@7longlife_learner,"seperti ""mundur alon""",SNoTOeID7lM,ASN Belajar Seri 34 | 2026 -Membangun Retensi Talenta ASN di Tengah Perubahan Ekspektasi Karier.,Neutral - Discussion
9582,@muhammadsuudin8033,selalu,SNoTOeID7lM,ASN Belajar Seri 34 | 2026 -Membangun Retensi Talenta ASN di Tengah Perubahan Ekspektasi Karier.,Neutral - Discussion
9589,@Akungsun,yimak,SNoTOeID7lM,ASN Belajar Seri 34 | 2026 -Membangun Retensi Talenta ASN di Tengah Perubahan Ekspektasi Karier.,Neutral - Discussion
9616,@MUGIONOMUGIONO-v3j,mugionohadir,SNoTOeID7lM,ASN Belajar Seri 34 | 2026 -Membangun Retensi Talenta ASN di Tengah Perubahan Ekspektasi Karier.,Neutral - Discussion
9665,@muhammadsuudin8033,ASN oh ASN,SNoTOeID7lM,ASN Belajar Seri 34 | 2026 -Membangun Retensi Talenta ASN di Tengah Perubahan Ekspektasi Karier.,Neutral - Discussion
9698,@muhammadsuudin8033,nasibmu,SNoTOeID7lM,ASN Belajar Seri 34 | 2026 -Membangun Retensi Talenta ASN di Tengah Perubahan Ekspektasi Karier.,Neutral - Discussion
9715,@tigabelas4503,ayo,SNoTOeID7lM,ASN Belajar Seri 34 | 2026 -Membangun Retensi Talenta ASN di Tengah Perubahan Ekspektasi Karier.,Neutral - Discussion
9741,@Bangbeen-v7z,izin sholat,SNoTOeID7lM,ASN Belajar Seri 34 | 2026 -Membangun Retensi Talenta ASN di Tengah Perubahan Ekspektasi Karier.,Neutral - Discussion
9755,@muhammadsuudin8033,dukun terus,SNoTOeID7lM,ASN Belajar Seri 34 | 2026 -Membangun Retensi Talenta ASN di Tengah Perubahan Ekspektasi Karier.,Neutral - Discussion
9757,@heriyantozaky7634,sta on,SNoTOeID7lM,ASN Belajar Seri 34 | 2026 -Membangun Retensi Talenta ASN di Tengah Perubahan Ekspektasi Karier.,Neutral - Discussion
9773,@muhammadsuudin8033,berikan kontribus yang terbaik,SNoTOeID7lM,ASN Belajar Seri 34 | 2026 -Membangun Retensi Talenta ASN di Tengah Perubahan Ekspektasi Karier.,Neutral - Discussion
9836,@heriyantozaky7634,Sumenep selalu setia mengikuti,SNoTOeID7lM,ASN Belajar Seri 34 | 2026 -Membangun Retensi Talenta ASN di Tengah Perubahan Ekspektasi Karier.,Neutral - Discussion
9843,@muhammadnurkholis5374,ijin apa materi boleh dishare njih,SNoTOeID7lM,ASN Belajar Seri 34 | 2026 -Membangun Retensi Talenta ASN di Tengah Perubahan Ekspektasi Karier.,Neutral - Discussion
9868,@kristanto.prakoso,masih menyimaak.,SNoTOeID7lM,ASN Belajar Seri 34 | 2026 -Membangun Retensi Talenta ASN di Tengah Perubahan Ekspektasi Karier.,Neutral - Discussion
9892,@muhammadsuudin8033,hidup asn yang berakhlak,SNoTOeID7lM,ASN Belajar Seri 34 | 2026 -Membangun Retensi Talenta ASN di Tengah Perubahan Ekspektasi Karier.,Neutral - Discussion
9903,@hasiholanmanik326,semakin ke sini semakin seru ,SNoTOeID7lM,ASN Belajar Seri 34 | 2026 -Membangun Retensi Talenta ASN di Tengah Perubahan Ekspektasi Karier.,Neutral - Discussion
9915,@sitimunawaroh3717,materi sudah ada pak bisa didownload lewat link yang dishare,SNoTOeID7lM,ASN Belajar Seri 34 | 2026 -Membangun Retensi Talenta ASN di Tengah Perubahan Ekspektasi Karier.,Neutral - Discussion
9922,@zulkarn,udh bisa isi monev ama eval belum min?,SNoTOeID7lM,ASN Belajar Seri 34 | 2026 -Membangun Retensi Talenta ASN di Tengah Perubahan Ekspektasi Karier.,Neutral - Discussion
9942,@sitimunawaroh3717,sudah bisa,SNoTOeID7lM,ASN Belajar Seri 34 | 2026 -Membangun Retensi Talenta ASN di Tengah Perubahan Ekspektasi Karier.,Neutral - Discussion
9950,@muhammadsuudin8033,siap menjadi asn yg tumbuh berkembang,SNoTOeID7lM,ASN Belajar Seri 34 | 2026 -Membangun Retensi Talenta ASN di Tengah Perubahan Ekspektasi Karier.,Neutral - Discussion
9951,@heriyantozaky7634,mudah dipahami,SNoTOeID7lM,ASN Belajar Seri 34 | 2026 -Membangun Retensi Talenta ASN di Tengah Perubahan Ekspektasi Karier.,Neutral - Discussion
9980,@heriyantozaky7634,tetap setia stay,SNoTOeID7lM,ASN Belajar Seri 34 | 2026 -Membangun Retensi Talenta ASN di Tengah Perubahan Ekspektasi Karier.,Neutral - Discussion
10068,@HariantoZakaria,tetp semangat,SNoTOeID7lM,ASN Belajar Seri 34 | 2026 -Membangun Retensi Talenta ASN di Tengah Perubahan Ekspektasi Karier.,Neutral - Discussion
10074,@HendrawanNurdiansyah,Kita banyak yang sedang melaksanakan QUIET QUITTING ini sekarang ,SNoTOeID7lM,ASN Belajar Seri 34 | 2026 -Membangun Retensi Talenta ASN di Tengah Perubahan Ekspektasi Karier.,Neutral - Discussion
10090,@febriyantihariadi,terimakasih bapak ... sangat menarik sekali materinya //,SNoTOeID7lM,ASN Belajar Seri 34 | 2026 -Membangun Retensi Talenta ASN di Tengah Perubahan Ekspektasi Karier.,Neutral - Discussion
10090,@muhammadsuudin8033,semangat menyambut 2027,SNoTOeID7lM,ASN Belajar Seri 34 | 2026 -Membangun Retensi Talenta ASN di Tengah Perubahan Ekspektasi Karier.,Neutral - Discussion
10108,@heriyantozaky7634,siap mengikuti dengan semangat,SNoTOeID7lM,ASN Belajar Seri 34 | 2026 -Membangun Retensi Talenta ASN di Tengah Perubahan Ekspektasi Karier.,Neutral - Discussion
10117,@penywindr,sepakat dengan bapak radian...,SNoTOeID7lM,ASN Belajar Seri 34 | 2026 -Membangun Retensi Talenta ASN di Tengah Perubahan Ekspektasi Karier.,Neutral - Discussion
10120,@dinnaandriyandhani5712,Dinna Andriyandhani Bangkalan,SNoTOeID7lM,ASN Belajar Seri 34 | 2026 -Membangun Retensi Talenta ASN di Tengah Perubahan Ekspektasi Karier.,Neutral - Discussion
10146,@heriyantozaky7634,Jawa Timur,SNoTOeID7lM,ASN Belajar Seri 34 | 2026 -Membangun Retensi Talenta ASN di Tengah Perubahan Ekspektasi Karier.,Neutral - Discussion
10152,@rahmatilahi8624,masih mengikuti,SNoTOeID7lM,ASN Belajar Seri 34 | 2026 -Membangun Retensi Talenta ASN di Tengah Perubahan Ekspektasi Karier.,Neutral - Discussion
10166,@heriyantozaky7634,ASN haru siap maju dan berkembang,SNoTOeID7lM,ASN Belajar Seri 34 | 2026 -Membangun Retensi Talenta ASN di Tengah Perubahan Ekspektasi Karier.,Neutral - Discussion
10211,@penywindr,solusi nya bukan midfullness ,SNoTOeID7lM,ASN Belajar Seri 34 | 2026 -Membangun Retensi Talenta ASN di Tengah Perubahan Ekspektasi Karier.,Neutral - Discussion
10221,@sitimunawaroh3717,masih disini,SNoTOeID7lM,ASN Belajar Seri 34 | 2026 -Membangun Retensi Talenta ASN di Tengah Perubahan Ekspektasi Karier.,Neutral - Discussion
10244,@muhammadsuudin8033,ayo terus,SNoTOeID7lM,ASN Belajar Seri 34 | 2026 -Membangun Retensi Talenta ASN di Tengah Perubahan Ekspektasi Karier.,Neutral - Discussion
10262,@heriyantozaky7634,semuga bermanfaat bagi kita semua,SNoTOeID7lM,ASN Belajar Seri 34 | 2026 -Membangun Retensi Talenta ASN di Tengah Perubahan Ekspektasi Karier.,Neutral - Discussion
10294,@HariantoZakaria,semangat,SNoTOeID7lM,ASN Belajar Seri 34 | 2026 -Membangun Retensi Talenta ASN di Tengah Perubahan Ekspektasi Karier.,Neutral - Discussion
10296,@muhammadsuudin8033,masih mengikuti,SNoTOeID7lM,ASN Belajar Seri 34 | 2026 -Membangun Retensi Talenta ASN di Tengah Perubahan Ekspektasi Karier.,Neutral - Discussion
10313,@BettyRuswandani-r9p5d,mengikuti,SNoTOeID7lM,ASN Belajar Seri 34 | 2026 -Membangun Retensi Talenta ASN di Tengah Perubahan Ekspektasi Karier.,Neutral - Discussion
10317,@HariantoZakaria,lanjutkan,SNoTOeID7lM,ASN Belajar Seri 34 | 2026 -Membangun Retensi Talenta ASN di Tengah Perubahan Ekspektasi Karier.,Neutral - Discussion
10321,@ercipatrioni145,up,SNoTOeID7lM,ASN Belajar Seri 34 | 2026 -Membangun Retensi Talenta ASN di Tengah Perubahan Ekspektasi Karier.,Neutral - Discussion
10356,@BettyRuswandani-r9p5d,masih semangat,SNoTOeID7lM,ASN Belajar Seri 34 | 2026 -Membangun Retensi Talenta ASN di Tengah Perubahan Ekspektasi Karier.,Neutral - Discussion
10394,@BettyRuswandani-r9p5d,betul,SNoTOeID7lM,ASN Belajar Seri 34 | 2026 -Membangun Retensi Talenta ASN di Tengah Perubahan Ekspektasi Karier.,Neutral - Discussion
10399,@qiuqiu8634,masih bertahan,SNoTOeID7lM,ASN Belajar Seri 34 | 2026 -Membangun Retensi Talenta ASN di Tengah Perubahan Ekspektasi Karier.,Neutral - Discussion
10422,@sitimunawaroh3717,setuju,SNoTOeID7lM,ASN Belajar Seri 34 | 2026 -Membangun Retensi Talenta ASN di Tengah Perubahan Ekspektasi Karier.,Neutral - Discussion
10495,@heriyantozaky7634,Kab Sumenep masih setia,SNoTOeID7lM,ASN Belajar Seri 34 | 2026 -Membangun Retensi Talenta ASN di Tengah Perubahan Ekspektasi Karier.,Neutral - Discussion
10505,@heriyantozaky7634,Bismillah melayani,SNoTOeID7lM,ASN Belajar Seri 34 | 2026 -Membangun Retensi Talenta ASN di Tengah Perubahan Ekspektasi Karier.,Neutral - Discussion
10538,@sitimunawaroh3717,based on target,SNoTOeID7lM,ASN Belajar Seri 34 | 2026 -Membangun Retensi Talenta ASN di Tengah Perubahan Ekspektasi Karier.,Neutral - Discussion
10554,@heriyantozaky7634,tetap setia,SNoTOeID7lM,ASN Belajar Seri 34 | 2026 -Membangun Retensi Talenta ASN di Tengah Perubahan Ekspektasi Karier.,Neutral - Discussion
10609,@muhammadsuudin8033,mantap,SNoTOeID7lM,ASN Belajar Seri 34 | 2026 -Membangun Retensi Talenta ASN di Tengah Perubahan Ekspektasi Karier.,Neutral - Discussion
10699,@heriyantozaky7634,masih stay on,SNoTOeID7lM,ASN Belajar Seri 34 | 2026 -Membangun Retensi Talenta ASN di Tengah Perubahan Ekspektasi Karier.,Neutral - Discussion
10721,@muhammadsuudin8033,gresss,SNoTOeID7lM,ASN Belajar Seri 34 | 2026 -Membangun Retensi Talenta ASN di Tengah Perubahan Ekspektasi Karier.,Neutral - Discussion
10722,@heriyantozaky7634,selalu setia mengikuti,SNoTOeID7lM,ASN Belajar Seri 34 | 2026 -Membangun Retensi Talenta ASN di Tengah Perubahan Ekspektasi Karier.,Neutral - Discussion
10733,@zulkarn,"izin apkah sertif blum bisa dirilis/download ya?, menunggu selesai webinar?",SNoTOeID7lM,ASN Belajar Seri 34 | 2026 -Membangun Retensi Talenta ASN di Tengah Perubahan Ekspektasi Karier.,Neutral - Discussion
10765,@BANGKALANDPKHBinuspet,"Fitriyani, S.Agr Dinas Peternakan dan Kesehatan Hewan kab. bangkalan",SNoTOeID7lM,ASN Belajar Seri 34 | 2026 -Membangun Retensi Talenta ASN di Tengah Perubahan Ekspektasi Karier.,Neutral - Discussion
10766,@muhammadsuudin8033,jossss,SNoTOeID7lM,ASN Belajar Seri 34 | 2026 -Membangun Retensi Talenta ASN di Tengah Perubahan Ekspektasi Karier.,Neutral - Discussion
10779,@muhammadsuudin8033,gandos,SNoTOeID7lM,ASN Belajar Seri 34 | 2026 -Membangun Retensi Talenta ASN di Tengah Perubahan Ekspektasi Karier.,Neutral - Discussion
10848,@Akungsun,had,SNoTOeID7lM,ASN Belajar Seri 34 | 2026 -Membangun Retensi Talenta ASN di Tengah Perubahan Ekspektasi Karier.,Neutral - Discussion
10860,@heriyantozaky7634,semuga selalu sejahtera ASN,SNoTOeID7lM,ASN Belajar Seri 34 | 2026 -Membangun Retensi Talenta ASN di Tengah Perubahan Ekspektasi Karier.,Neutral - Discussion
10866,@mayangputripangesti,terimakasih bapak,SNoTOeID7lM,ASN Belajar Seri 34 | 2026 -Membangun Retensi Talenta ASN di Tengah Perubahan Ekspektasi Karier.,Neutral - Discussion
10868,@heriyantozaky7634,masih setia,SNoTOeID7lM,ASN Belajar Seri 34 | 2026 -Membangun Retensi Talenta ASN di Tengah Perubahan Ekspektasi Karier.,Neutral - Discussion
10875,@heritrianto5425,Aamiin..,SNoTOeID7lM,ASN Belajar Seri 34 | 2026 -Membangun Retensi Talenta ASN di Tengah Perubahan Ekspektasi Karier.,Neutral - Discussion
10882,@qiuqiu8634,terimakasih ,SNoTOeID7lM,ASN Belajar Seri 34 | 2026 -Membangun Retensi Talenta ASN di Tengah Perubahan Ekspektasi Karier.,Neutral - Discussion
10888,@heriyantozaky7634,masih setia stay on,SNoTOeID7lM,ASN Belajar Seri 34 | 2026 -Membangun Retensi Talenta ASN di Tengah Perubahan Ekspektasi Karier.,Neutral - Discussion
10909,@trieswantoasmoro600,TETAP SEMANGAT,SNoTOeID7lM,ASN Belajar Seri 34 | 2026 -Membangun Retensi Talenta ASN di Tengah Perubahan Ekspektasi Karier.,Neutral - Discussion
10911,@mislanmislan-v2y,trimakasi,SNoTOeID7lM,ASN Belajar Seri 34 | 2026 -Membangun Retensi Talenta ASN di Tengah Perubahan Ekspektasi Karier.,Neutral - Discussion
10916,@Sriyaningsih-jm2uh,Trimakasih,SNoTOeID7lM,ASN Belajar Seri 34 | 2026 -Membangun Retensi Talenta ASN di Tengah Perubahan Ekspektasi Karier.,Neutral - Discussion
10922,@smpnsatapgemarang,ekobudiono ,SNoTOeID7lM,ASN Belajar Seri 34 | 2026 -Membangun Retensi Talenta ASN di Tengah Perubahan Ekspektasi Karier.,Neutral - Discussion
10925,@lindalistya6756,on time,SNoTOeID7lM,ASN Belajar Seri 34 | 2026 -Membangun Retensi Talenta ASN di Tengah Perubahan Ekspektasi Karier.,Neutral - Discussion
10930,@heriyantozaky7634,selalu semangat mengasak otak,SNoTOeID7lM,ASN Belajar Seri 34 | 2026 -Membangun Retensi Talenta ASN di Tengah Perubahan Ekspektasi Karier.,Neutral - Discussion
10931,@rifaairy9547,terima kasih,SNoTOeID7lM,ASN Belajar Seri 34 | 2026 -Membangun Retensi Talenta ASN di Tengah Perubahan Ekspektasi Karier.,Neutral - Discussion
10936,@ellamutia9239,Terimakasih narasumber atas paparannya,SNoTOeID7lM,ASN Belajar Seri 34 | 2026 -Membangun Retensi Talenta ASN di Tengah Perubahan Ekspektasi Karier.,Neutral - Discussion
10938,@heriyantozaky7634,sumenep,SNoTOeID7lM,ASN Belajar Seri 34 | 2026 -Membangun Retensi Talenta ASN di Tengah Perubahan Ekspektasi Karier.,Neutral - Discussion
10966,@heriyantozaky7634,ASN Berwibawa,SNoTOeID7lM,ASN Belajar Seri 34 | 2026 -Membangun Retensi Talenta ASN di Tengah Perubahan Ekspektasi Karier.,Neutral - Discussion
11000,@heriyantozaky7634,ASN harus siap melayani,SNoTOeID7lM,ASN Belajar Seri 34 | 2026 -Membangun Retensi Talenta ASN di Tengah Perubahan Ekspektasi Karier.,Neutral - Discussion
11005,@multibaharilaode0905,terima kasih untuk materi2nya dan penjelasan2nya.. sangat bermanfaat..,SNoTOeID7lM,ASN Belajar Seri 34 | 2026 -Membangun Retensi Talenta ASN di Tengah Perubahan Ekspektasi Karier.,Neutral - Discussion
11016,@ayu-2026-l6i,terimakasih bpsdm jatin,SNoTOeID7lM,ASN Belajar Seri 34 | 2026 -Membangun Retensi Talenta ASN di Tengah Perubahan Ekspektasi Karier.,Neutral - Discussion
11027,@HariantoZakaria,Terima kasih,SNoTOeID7lM,ASN Belajar Seri 34 | 2026 -Membangun Retensi Talenta ASN di Tengah Perubahan Ekspektasi Karier.,Neutral - Discussion
11037,@muhammadsuudin8033,asn yang berakhlak,SNoTOeID7lM,ASN Belajar Seri 34 | 2026 -Membangun Retensi Talenta ASN di Tengah Perubahan Ekspektasi Karier.,Neutral - Discussion
11040,@heriyantozaky7634,semuga kita masih dalam lindungannya,SNoTOeID7lM,ASN Belajar Seri 34 | 2026 -Membangun Retensi Talenta ASN di Tengah Perubahan Ekspektasi Karier.,Neutral - Discussion
11055,@yonanwunandar7693,Terima kasih semuanya,SNoTOeID7lM,ASN Belajar Seri 34 | 2026 -Membangun Retensi Talenta ASN di Tengah Perubahan Ekspektasi Karier.,Neutral - Discussion
11061,@heriyantozaky7634,ASN berakhlakul karimah,SNoTOeID7lM,ASN Belajar Seri 34 | 2026 -Membangun Retensi Talenta ASN di Tengah Perubahan Ekspektasi Karier.,Neutral - Discussion
11063,@nazmimaulana4125,terima kasih atas materinya,SNoTOeID7lM,ASN Belajar Seri 34 | 2026 -Membangun Retensi Talenta ASN di Tengah Perubahan Ekspektasi Karier.,Neutral - Discussion
11065,@HariantoZakaria,Tetap semangat....,SNoTOeID7lM,ASN Belajar Seri 34 | 2026 -Membangun Retensi Talenta ASN di Tengah Perubahan Ekspektasi Karier.,Neutral - Discussion
11069,@loveandpatience,keren,SNoTOeID7lM,ASN Belajar Seri 34 | 2026 -Membangun Retensi Talenta ASN di Tengah Perubahan Ekspektasi Karier.,Neutral - Discussion
11106,@heriyantozaky7634,semangat demi Negara,SNoTOeID7lM,ASN Belajar Seri 34 | 2026 -Membangun Retensi Talenta ASN di Tengah Perubahan Ekspektasi Karier.,Neutral - Discussion
11152,@heriyantozaky7634,harus siap melayani,SNoTOeID7lM,ASN Belajar Seri 34 | 2026 -Membangun Retensi Talenta ASN di Tengah Perubahan Ekspektasi Karier.,Neutral - Discussion
11209,@heriyantozaky7634,ASN harus propsional,SNoTOeID7lM,ASN Belajar Seri 34 | 2026 -Membangun Retensi Talenta ASN di Tengah Perubahan Ekspektasi Karier.,Neutral - Discussion
0,@dewiprobowati2519,\,N8oBAN2__A0,ASN Belajar Seri 33 | 2026 - AI Nusantara,Neutral - Discussion
0,@tutihayati8753,BKPSDM kepulauan riau,N8oBAN2__A0,ASN Belajar Seri 33 | 2026 - AI Nusantara,Neutral - Discussion
0,@JurianaCan,Yuriana Inspektorat Daerah Kabupaten Bangka Barat Hadir,N8oBAN2__A0,ASN Belajar Seri 33 | 2026 - AI Nusantara,Neutral - Discussion
0,@NurLatifahSimon,Ita Herlita DSPPPAPMD Kalimantan Utara,N8oBAN2__A0,ASN Belajar Seri 33 | 2026 - AI Nusantara,Neutral - Discussion
211,@triwahyuningtyas-j7d,tri wahyuningtyas BKD pacitan,N8oBAN2__A0,ASN Belajar Seri 33 | 2026 - AI Nusantara,Neutral - Discussion
272,@Rasidinferiadriansyah,"SMA NEGERI 8 BATAM hadir, dan sudah daftar juga di Semestabangkom",N8oBAN2__A0,ASN Belajar Seri 33 | 2026 - AI Nusantara,Neutral - Discussion
288,@anggaperdana6222,Hadir...#BapendaBerlari#PADnyawakita#BondowosoBerkah,N8oBAN2__A0,ASN Belajar Seri 33 | 2026 - AI Nusantara,Neutral - Discussion
399,@TorimantoriTori,torimanhadir,N8oBAN2__A0,ASN Belajar Seri 33 | 2026 - AI Nusantara,Neutral - Discussion
411,@anangsulistyono2015,nyimaks,N8oBAN2__A0,ASN Belajar Seri 33 | 2026 - AI Nusantara,Neutral - Discussion
442,@sdn4sumberputihwajak,cakep...,N8oBAN2__A0,ASN Belajar Seri 33 | 2026 - AI Nusantara,Neutral - Discussion
444,@ulahwibowo5118,Semangat Pagi !!!,N8oBAN2__A0,ASN Belajar Seri 33 | 2026 - AI Nusantara,Neutral - Discussion
660,@IrmaHardiyantiWidiHastuti,UPTD SMP NEGERI 1 GALIS,N8oBAN2__A0,ASN Belajar Seri 33 | 2026 - AI Nusantara,Neutral - Discussion
687,@MOH.ERFANJUNAEDI,haderrr,N8oBAN2__A0,ASN Belajar Seri 33 | 2026 - AI Nusantara,Neutral - Discussion
701,@bejansubarkah1218,SIAP,N8oBAN2__A0,ASN Belajar Seri 33 | 2026 - AI Nusantara,Neutral - Discussion
710,@creator246,SATPOL PP KABUPATEN JEMBER MENYAPA,N8oBAN2__A0,ASN Belajar Seri 33 | 2026 - AI Nusantara,Neutral - Discussion
741,@MOH.ERFANJUNAEDI,haderr,N8oBAN2__A0,ASN Belajar Seri 33 | 2026 - AI Nusantara,Neutral - Discussion
759,@ekopudjiono8343,@BPSDMJATIMTV ,N8oBAN2__A0,ASN Belajar Seri 33 | 2026 - AI Nusantara,Neutral - Discussion
798,@Azerinrin,haadir,N8oBAN2__A0,ASN Belajar Seri 33 | 2026 - AI Nusantara,Neutral - Discussion
1162,@eniyuniani90,eni yuniani rsud kota pasuruan,N8oBAN2__A0,ASN Belajar Seri 33 | 2026 - AI Nusantara,Neutral - Discussion
1163,@machmudfauzi4597,SDN.Pedeslohor 01 Kec.Adiwerna Lab.Tegal Jawa Tengah...Hadiiirr,N8oBAN2__A0,ASN Belajar Seri 33 | 2026 - AI Nusantara,Neutral - Discussion
1189,@desyhafizah6086,DEsy Hafizah Dinas Pertanian TPH Prov. Sumatera Selatan,N8oBAN2__A0,ASN Belajar Seri 33 | 2026 - AI Nusantara,Neutral - Discussion
1212,@niwayanyuliati9601,Wayan Yuliati,N8oBAN2__A0,ASN Belajar Seri 33 | 2026 - AI Nusantara,Neutral - Discussion
1231,@sukirmansos,berpartisipasi,N8oBAN2__A0,ASN Belajar Seri 33 | 2026 - AI Nusantara,Neutral - Discussion
1237,@aiyuniarsih9137,belum mulai ya,N8oBAN2__A0,ASN Belajar Seri 33 | 2026 - AI Nusantara,Neutral - Discussion
1241,@syahputrahasibuan9628,semangat,N8oBAN2__A0,ASN Belajar Seri 33 | 2026 - AI Nusantara,Neutral - Discussion
1282,@ferrydwi-zg1ws,SDN 2 BEDALI LAWANG ,N8oBAN2__A0,ASN Belajar Seri 33 | 2026 - AI Nusantara,Neutral - Discussion
1285,@sukirmansos,irman,N8oBAN2__A0,ASN Belajar Seri 33 | 2026 - AI Nusantara,Neutral - Discussion
1291,@SriSupadmi-hl3um,Paciran,N8oBAN2__A0,ASN Belajar Seri 33 | 2026 - AI Nusantara,Neutral - Discussion
1297,@mohjatim-q3u,Moh Jatim DPRKPLH dadir,N8oBAN2__A0,ASN Belajar Seri 33 | 2026 - AI Nusantara,Neutral - Discussion
1307,@IrmaHardiyantiWidiHastuti,KEREN IKUT INI BNYAK TAU ORANG ORANG BERWAWASAN LUAS,N8oBAN2__A0,ASN Belajar Seri 33 | 2026 - AI Nusantara,Neutral - Discussion
1316,@arifdwijono5771,Arif Dwijono Setwan Jatim ,N8oBAN2__A0,ASN Belajar Seri 33 | 2026 - AI Nusantara,Neutral - Discussion
1332,@sukirmansos,mendengarkan,N8oBAN2__A0,ASN Belajar Seri 33 | 2026 - AI Nusantara,Neutral - Discussion
1338,@its_nayy01,zoom sudah penuh,N8oBAN2__A0,ASN Belajar Seri 33 | 2026 - AI Nusantara,Neutral - Discussion
1344,@EviJenggawah26,evi kec jenggawah jember,N8oBAN2__A0,ASN Belajar Seri 33 | 2026 - AI Nusantara,Neutral - Discussion
1376,@handayani3854,Handa Bagian Organisasi Jember,N8oBAN2__A0,ASN Belajar Seri 33 | 2026 - AI Nusantara,Neutral - Discussion
1409,@awalkmalik9113,"Dari semua webinar yang sering saya ikuti, BPSDM Jatim Paling Siap. ",N8oBAN2__A0,ASN Belajar Seri 33 | 2026 - AI Nusantara,Neutral - Discussion
1424,@sukirmansos,tetap semangat,N8oBAN2__A0,ASN Belajar Seri 33 | 2026 - AI Nusantara,Neutral - Discussion
1446,@wahyuninurnainy3237,SD NEGERI 1 DILEM,N8oBAN2__A0,ASN Belajar Seri 33 | 2026 - AI Nusantara,Neutral - Discussion
1457,@IrmaHardiyantiWidiHastuti,UPTD SMP NEGERI 1 GALIS BANGKALAN,N8oBAN2__A0,ASN Belajar Seri 33 | 2026 - AI Nusantara,Neutral - Discussion
1486,@sukirmansos,Dinsos Pacitan,N8oBAN2__A0,ASN Belajar Seri 33 | 2026 - AI Nusantara,Neutral - Discussion
1528,@mastole428,Wahyudi ( SMANTAR MADANI JATIM ),N8oBAN2__A0,ASN Belajar Seri 33 | 2026 - AI Nusantara,Neutral - Discussion
1532,@ERNIAJHA-y5p5h,BKPSDM KABUPATEN BUTON TENGAH ,N8oBAN2__A0,ASN Belajar Seri 33 | 2026 - AI Nusantara,Neutral - Discussion
1534,@sukirmansos,selamat pagi,N8oBAN2__A0,ASN Belajar Seri 33 | 2026 - AI Nusantara,Neutral - Discussion
1542,@caccink8858,MUHAMMAD ABDUL MUKID SMPN 1 SILO,N8oBAN2__A0,ASN Belajar Seri 33 | 2026 - AI Nusantara,Neutral - Discussion
1550,@noercholis2234,Kecamatan Jogoroto Jombang,N8oBAN2__A0,ASN Belajar Seri 33 | 2026 - AI Nusantara,Neutral - Discussion
1593,@bennisuni2230,BENNI SUNI SMAN 1 GAPURA,N8oBAN2__A0,ASN Belajar Seri 33 | 2026 - AI Nusantara,Neutral - Discussion
1603,@wahyubnr_ryd2959,"SAFIE DIARLINA, Dinas PRKPCK Jatim",N8oBAN2__A0,ASN Belajar Seri 33 | 2026 - AI Nusantara,Neutral - Discussion
1610,@singgihsiswanto3795,Siap...,N8oBAN2__A0,ASN Belajar Seri 33 | 2026 - AI Nusantara,Neutral - Discussion
1615,@Bro-hamdani,Materi jos jis,N8oBAN2__A0,ASN Belajar Seri 33 | 2026 - AI Nusantara,Neutral - Discussion
1618,@solehsoleh4021,hadid,N8oBAN2__A0,ASN Belajar Seri 33 | 2026 - AI Nusantara,Neutral - Discussion
1626,@IrmaHardiyantiWidiHastuti,V,N8oBAN2__A0,ASN Belajar Seri 33 | 2026 - AI Nusantara,Neutral - Discussion
1637,@sdnkarangwidoro0111,MOH. ZUNAEDI_SD NEGERI 1 KARANGWIDORO_KEC. DAU_KABUPATEN MALANG_JAWA TIMUR_HHHAAAAAADDDDIIIIIIRRRRRR,N8oBAN2__A0,ASN Belajar Seri 33 | 2026 - AI Nusantara,Neutral - Discussion
1638,@vintaardila6005,SD NEGERI 6 PAMOTAN,N8oBAN2__A0,ASN Belajar Seri 33 | 2026 - AI Nusantara,Neutral - Discussion
1671,@megannitaayu,Megannita Bapperida Kota Probolinggo,N8oBAN2__A0,ASN Belajar Seri 33 | 2026 - AI Nusantara,Neutral - Discussion
1676,@sukirmansos,AI,N8oBAN2__A0,ASN Belajar Seri 33 | 2026 - AI Nusantara,Neutral - Discussion
1764,@HAFIDSSS-e4z,Bakorwil Malang hadiri,N8oBAN2__A0,ASN Belajar Seri 33 | 2026 - AI Nusantara,Neutral - Discussion
1791,@Bro-hamdani,jos jis materi nya luar biasa,N8oBAN2__A0,ASN Belajar Seri 33 | 2026 - AI Nusantara,Neutral - Discussion
1814,@Bro-hamdani,mantap,N8oBAN2__A0,ASN Belajar Seri 33 | 2026 - AI Nusantara,Neutral - Discussion
1817,@tigabelas4503,watugaluh jasem,N8oBAN2__A0,ASN Belajar Seri 33 | 2026 - AI Nusantara,Neutral - Discussion
1824,@Bro-hamdani,mantap ,N8oBAN2__A0,ASN Belajar Seri 33 | 2026 - AI Nusantara,Neutral - Discussion
1865,@EkoSuhariyono-u6y,Eko suhariyono DPUPR Jember...,N8oBAN2__A0,ASN Belajar Seri 33 | 2026 - AI Nusantara,Neutral - Discussion
1903,@Bro-hamdani,sangat membantu untuk materi nya untuk belajar,N8oBAN2__A0,ASN Belajar Seri 33 | 2026 - AI Nusantara,Neutral - Discussion
1926,@tigabelas4503,penggunaan AI dalam pekerjaaan,N8oBAN2__A0,ASN Belajar Seri 33 | 2026 - AI Nusantara,Neutral - Discussion
2035,@mochwahyudi7358,moch wahyudi,N8oBAN2__A0,ASN Belajar Seri 33 | 2026 - AI Nusantara,Neutral - Discussion
2083,@Supriyatinelrano-k1o,"SUPRIYATIN, S. Pd ( SD Negeri 3 Sumberagung Ngantang Malang ) H A D I R .....",N8oBAN2__A0,ASN Belajar Seri 33 | 2026 - AI Nusantara,Neutral - Discussion
2088,@tigabelas4503,bebas,N8oBAN2__A0,ASN Belajar Seri 33 | 2026 - AI Nusantara,Neutral - Discussion
2131,@wadipringgodani2155,Wadi sp,N8oBAN2__A0,ASN Belajar Seri 33 | 2026 - AI Nusantara,Neutral - Discussion
2190,@suwarsitbjn581,HADIT,N8oBAN2__A0,ASN Belajar Seri 33 | 2026 - AI Nusantara,Neutral - Discussion
2208,@WagiminSaja-h4l,edi kulon progo ,N8oBAN2__A0,ASN Belajar Seri 33 | 2026 - AI Nusantara,Neutral - Discussion
2228,@ziyadilhakim5626,Tedy Kepri ,N8oBAN2__A0,ASN Belajar Seri 33 | 2026 - AI Nusantara,Neutral - Discussion
2317,@merlykenzo9123,bagaimana caranya agar bangsa kita juga maju pesat di bidang teknologi ,N8oBAN2__A0,ASN Belajar Seri 33 | 2026 - AI Nusantara,Neutral - Discussion
2360,@muhammadzania4239,"Muhammad Zania, Kantor Camat Bakam Kabupaten Bangka, Hadir",N8oBAN2__A0,ASN Belajar Seri 33 | 2026 - AI Nusantara,Neutral - Discussion
2382,@ibrahimhamidskynian2576,Selamat pagi salam sehat salam bahagia dari BPSDMD Sumsel,N8oBAN2__A0,ASN Belajar Seri 33 | 2026 - AI Nusantara,Neutral - Discussion
2422,@syahputrahasibuan9628,masih semangat,N8oBAN2__A0,ASN Belajar Seri 33 | 2026 - AI Nusantara,Neutral - Discussion
2460,@john_suhendra,ikut serta dalam webinar ini,N8oBAN2__A0,ASN Belajar Seri 33 | 2026 - AI Nusantara,Neutral - Discussion
2511,@fitri_firda,haidr,N8oBAN2__A0,ASN Belajar Seri 33 | 2026 - AI Nusantara,Neutral - Discussion
2523,@john_suhendra,mampir,N8oBAN2__A0,ASN Belajar Seri 33 | 2026 - AI Nusantara,Neutral - Discussion
2536,@iwansaputra7635,mantap,N8oBAN2__A0,ASN Belajar Seri 33 | 2026 - AI Nusantara,Neutral - Discussion
2553,@Bro-hamdani,materinya mantab,N8oBAN2__A0,ASN Belajar Seri 33 | 2026 - AI Nusantara,Neutral - Discussion
2590,@sinikesanadi6257,"Sinike Sanadi,A.Md,Ppl Bpp Distrik Manokwari Utara,Papua Barat",N8oBAN2__A0,ASN Belajar Seri 33 | 2026 - AI Nusantara,Neutral - Discussion
2591,@john_suhendra,fokus,N8oBAN2__A0,ASN Belajar Seri 33 | 2026 - AI Nusantara,Neutral - Discussion
2612,@fitri_firda,smkn 2 boyolangu,N8oBAN2__A0,ASN Belajar Seri 33 | 2026 - AI Nusantara,Neutral - Discussion
2627,@john_suhendra,menyapa,N8oBAN2__A0,ASN Belajar Seri 33 | 2026 - AI Nusantara,Neutral - Discussion
2646,@pitriyana-y2v,"ass, pak mengapa daftar hadirnya tdk bisa d klik",N8oBAN2__A0,ASN Belajar Seri 33 | 2026 - AI Nusantara,Neutral - Discussion
2676,@khoirulmubin5283,KHOIRUL MUBIN DISBUDPAR PROV JATIM,N8oBAN2__A0,ASN Belajar Seri 33 | 2026 - AI Nusantara,Neutral - Discussion
2689,@john_suhendra,materi yang bagus sekali,N8oBAN2__A0,ASN Belajar Seri 33 | 2026 - AI Nusantara,Neutral - Discussion
2753,@lodhita,tetap di sini,N8oBAN2__A0,ASN Belajar Seri 33 | 2026 - AI Nusantara,Neutral - Discussion
2805,@nurulmahmudah2769,nurul biro kesra pemprov,N8oBAN2__A0,ASN Belajar Seri 33 | 2026 - AI Nusantara,Neutral - Discussion
2810,@Bro-hamdani,mengikuti webinar setiap sesi,N8oBAN2__A0,ASN Belajar Seri 33 | 2026 - AI Nusantara,Neutral - Discussion
2857,@sdn1banjarejo-w9y,SD NEGERI 1BANJAREJO NGANTANG MALANG,N8oBAN2__A0,ASN Belajar Seri 33 | 2026 - AI Nusantara,Neutral - Discussion
2859,@tigabelas4503,fungsi AI berdasarkan fungsi dan kegunaannya serta manfaatnya dalam penyampaian materi saat bekerja,N8oBAN2__A0,ASN Belajar Seri 33 | 2026 - AI Nusantara,Neutral - Discussion
2871,@DudungPekalongan,hadirkec doro kab.pekalongan,N8oBAN2__A0,ASN Belajar Seri 33 | 2026 - AI Nusantara,Neutral - Discussion
2967,@ndika88,kadir kak,N8oBAN2__A0,ASN Belajar Seri 33 | 2026 - AI Nusantara,Neutral - Discussion
2969,@nusabas7477,HHadir,N8oBAN2__A0,ASN Belajar Seri 33 | 2026 - AI Nusantara,Neutral - Discussion
2970,@saripurnama8130,selau ,N8oBAN2__A0,ASN Belajar Seri 33 | 2026 - AI Nusantara,Neutral - Discussion
2975,@pujiastutik2842,vbb,N8oBAN2__A0,ASN Belajar Seri 33 | 2026 - AI Nusantara,Neutral - Discussion
2983,@tigabelas4503,"membantu manusia menyelesaikan berbagai tugas dengan lebih cepat, efisien, dan akurat.",N8oBAN2__A0,ASN Belajar Seri 33 | 2026 - AI Nusantara,Neutral - Discussion
2986,@pujiastutik2842,g,N8oBAN2__A0,ASN Belajar Seri 33 | 2026 - AI Nusantara,Neutral - Discussion
3046,@fatostream,AI adalah alat bantu administrasi,N8oBAN2__A0,ASN Belajar Seri 33 | 2026 - AI Nusantara,Neutral - Discussion
3080,@diyangaluhshintiarani2251,"DIYAN GALUH SHINTIARANI, S.Pd. SD NEGERI 1 KARANGWIDORO DAU",N8oBAN2__A0,ASN Belajar Seri 33 | 2026 - AI Nusantara,Neutral - Discussion
3080,@HaryadiHarun-sy5ck,haryadi harun,N8oBAN2__A0,ASN Belajar Seri 33 | 2026 - AI Nusantara,Neutral - Discussion
3092,@fatostream,AI adalah lawan di PES 2021,N8oBAN2__A0,ASN Belajar Seri 33 | 2026 - AI Nusantara,Neutral - Discussion
3106,@HaryadiHarun-sy5ck,salam asn,N8oBAN2__A0,ASN Belajar Seri 33 | 2026 - AI Nusantara,Neutral - Discussion
3126,@lodhita,setia mendengarkan,N8oBAN2__A0,ASN Belajar Seri 33 | 2026 - AI Nusantara,Neutral - Discussion
3141,@apikandigital1286,ALHAMDULILLAH,N8oBAN2__A0,ASN Belajar Seri 33 | 2026 - AI Nusantara,Neutral - Discussion
3149,@perencanaAP,Prof ... seru ih,N8oBAN2__A0,ASN Belajar Seri 33 | 2026 - AI Nusantara,Neutral - Discussion
3159,@dadangpribadi9858,kec.pakusari jember,N8oBAN2__A0,ASN Belajar Seri 33 | 2026 - AI Nusantara,Neutral - Discussion
3204,@tigabelas4503,hadit,N8oBAN2__A0,ASN Belajar Seri 33 | 2026 - AI Nusantara,Neutral - Discussion
3215,@sitikholifah3033,Siti Kholifah_Lamongan PS,N8oBAN2__A0,ASN Belajar Seri 33 | 2026 - AI Nusantara,Neutral - Discussion
3221,@sukirmansos,standby,N8oBAN2__A0,ASN Belajar Seri 33 | 2026 - AI Nusantara,Neutral - Discussion
3231,@Muhisnaeni-sf3ee,"Hallo, Salam sehat selalu buat teman2 ASN semua. Samarinda berkabut asap hari ini",N8oBAN2__A0,ASN Belajar Seri 33 | 2026 - AI Nusantara,Neutral - Discussion
3237,@mohadib1641,"Agus Basir Ali Akbar,paling pintar komputer waktu saya kuliah di kimia UM 2001",N8oBAN2__A0,ASN Belajar Seri 33 | 2026 - AI Nusantara,Neutral - Discussion
3303,@sukirmansos,",,,,",N8oBAN2__A0,ASN Belajar Seri 33 | 2026 - AI Nusantara,Neutral - Discussion
3315,@MuliadiAdhie,alhamdulillah dapat ilmu banyak,N8oBAN2__A0,ASN Belajar Seri 33 | 2026 - AI Nusantara,Neutral - Discussion
3324,@sukirmansos,hadiiiiiiiiiii,N8oBAN2__A0,ASN Belajar Seri 33 | 2026 - AI Nusantara,Neutral - Discussion
3334,@PembinaanPerlindungan,"Pertanyaan: Dengan penggunaan AI yang massif dalam dunia pendidikan, apakah ini bisa membuat siswa kehilangan kemampuan analisis dan berfikir kritisnya? bagaimana mengatasinya? terima kasih.",N8oBAN2__A0,ASN Belajar Seri 33 | 2026 - AI Nusantara,Neutral - Discussion
3339,@kanggusbix,Nyimax,N8oBAN2__A0,ASN Belajar Seri 33 | 2026 - AI Nusantara,Neutral - Discussion
3340,@mardanisyarif424,"Mantap materinya Prof. semua ""Berdaging""",N8oBAN2__A0,ASN Belajar Seri 33 | 2026 - AI Nusantara,Neutral - Discussion
3373,@MuliadiAdhie,alhamdulillah dapat ilmu lagi,N8oBAN2__A0,ASN Belajar Seri 33 | 2026 - AI Nusantara,Neutral - Discussion
3424,@diahismiatun446,Mengikuti.,N8oBAN2__A0,ASN Belajar Seri 33 | 2026 - AI Nusantara,Neutral - Discussion
3469,@ekopudjiono8343,materinya joss ,N8oBAN2__A0,ASN Belajar Seri 33 | 2026 - AI Nusantara,Neutral - Discussion
3548,@APRISCHAINTANSAPUTRI,APRISCHA INTAN SAPUTRI (SDN 1 KARANGWIDORO),N8oBAN2__A0,ASN Belajar Seri 33 | 2026 - AI Nusantara,Neutral - Discussion
3559,@PurwantoUptpeternakan,mengikuti live di youtube,N8oBAN2__A0,ASN Belajar Seri 33 | 2026 - AI Nusantara,Neutral - Discussion
3667,@akhjazulijazuli6938,mantap. bpsdm jawatimur,N8oBAN2__A0,ASN Belajar Seri 33 | 2026 - AI Nusantara,Neutral - Discussion
3677,@EviJenggawah26,"ijin bertanya prof, bagaimana cara kita agar tidak ketergantungan terhadap AI mengingat terdapat dampak negatif jg ttg penggunaan AI yang berlebihan, terimakasih",N8oBAN2__A0,ASN Belajar Seri 33 | 2026 - AI Nusantara,Neutral - Discussion
3750,@irfanbaka1976,IRFAN BADARUL KAMAR UPT PUSDA WIL.MADURA,N8oBAN2__A0,ASN Belajar Seri 33 | 2026 - AI Nusantara,Neutral - Discussion
3776,@endangwarjiyah1480,DISKOMINFOTIK KOTA PASURUAN H A D I R .....,N8oBAN2__A0,ASN Belajar Seri 33 | 2026 - AI Nusantara,Neutral - Discussion
3801,@mochsuyanto6058,suyanto nenyimak,N8oBAN2__A0,ASN Belajar Seri 33 | 2026 - AI Nusantara,Neutral - Discussion
3891,@MeityPangkerego-t8h,"Meity E. Pangkerego, SE,ME_Disspar Manado",N8oBAN2__A0,ASN Belajar Seri 33 | 2026 - AI Nusantara,Neutral - Discussion
3938,@tigabelas4503,jatim_ jasem,N8oBAN2__A0,ASN Belajar Seri 33 | 2026 - AI Nusantara,Neutral - Discussion
3987,@BudiHartono-m1j, bkpp banyuwangi,N8oBAN2__A0,ASN Belajar Seri 33 | 2026 - AI Nusantara,Neutral - Discussion
4027,@TeeDl,DIAHL_DISBUDPAR JATIM,N8oBAN2__A0,ASN Belajar Seri 33 | 2026 - AI Nusantara,Neutral - Discussion
4033,@TriHariaty,Tri Yunita Hariaty,N8oBAN2__A0,ASN Belajar Seri 33 | 2026 - AI Nusantara,Neutral - Discussion
4094,@eyangromo8293,masih memantau,N8oBAN2__A0,ASN Belajar Seri 33 | 2026 - AI Nusantara,Neutral - Discussion
4096,@FeriFlaka,feri dlh jatim haadir,N8oBAN2__A0,ASN Belajar Seri 33 | 2026 - AI Nusantara,Neutral - Discussion
4192,@nadiarizka287,mantapp,N8oBAN2__A0,ASN Belajar Seri 33 | 2026 - AI Nusantara,Neutral - Discussion
4197,@Happytummiy,War on drugs for humanity,N8oBAN2__A0,ASN Belajar Seri 33 | 2026 - AI Nusantara,Neutral - Discussion
4199,@nadiarizka287,War on drugs for humanity,N8oBAN2__A0,ASN Belajar Seri 33 | 2026 - AI Nusantara,Neutral - Discussion
4222,@wahyuwidiarti3562,Wahyu Widiarti,N8oBAN2__A0,ASN Belajar Seri 33 | 2026 - AI Nusantara,Neutral - Discussion
4291,@IndraSaputra-st8ht,"Indra Saputra, S.H.,M.H",N8oBAN2__A0,ASN Belajar Seri 33 | 2026 - AI Nusantara,Neutral - Discussion
4297,@tigabelas4503,AI mampu memproses data pasar dalam jumlah besar dalam waktu singkat.,N8oBAN2__A0,ASN Belajar Seri 33 | 2026 - AI Nusantara,Neutral - Discussion
4350,@rachel8538,use more ai = more data centers = less water we can consume = extinction of human ,N8oBAN2__A0,ASN Belajar Seri 33 | 2026 - AI Nusantara,Neutral - Discussion
4368,@sentotsupriyadi377,sentot bpsdmd monitor,N8oBAN2__A0,ASN Belajar Seri 33 | 2026 - AI Nusantara,Neutral - Discussion
4393,@lodhita,"subscribe, like, komen : catat dan dengarkan",N8oBAN2__A0,ASN Belajar Seri 33 | 2026 - AI Nusantara,Neutral - Discussion
4414,@agungyudyana645,"Bagaimana peran IA dalam rangka mengatasi tuntutan disintegrasi bangsa dari tuntutan Merdeka yg terus menguat dari2 daerah2 yg ingin MERDEKA spt Papua, Aceh, Maluku atau Indonesia Bag Timur??",N8oBAN2__A0,ASN Belajar Seri 33 | 2026 - AI Nusantara,Neutral - Discussion
4433,@hasywazraffa,jombang,N8oBAN2__A0,ASN Belajar Seri 33 | 2026 - AI Nusantara,Neutral - Discussion
4598,@fh1878,Suryani Ramlah Siregar_KPU_Kota Padangsidimpuan_Hadir,N8oBAN2__A0,ASN Belajar Seri 33 | 2026 - AI Nusantara,Neutral - Discussion
4680,@jazilah8358,Jazilah SDN 1 Ardirejo Kepanjen Malang,N8oBAN2__A0,ASN Belajar Seri 33 | 2026 - AI Nusantara,Neutral - Discussion
4735,@fatostream,yeah Mecha yes,N8oBAN2__A0,ASN Belajar Seri 33 | 2026 - AI Nusantara,Neutral - Discussion
4770,@nurdaiyahdwisofficial8236,nurdaiyah Dwi s,N8oBAN2__A0,ASN Belajar Seri 33 | 2026 - AI Nusantara,Neutral - Discussion
4775,@ngurahpartha7182,"terima kasih prof, sangat luar biasa ",N8oBAN2__A0,ASN Belajar Seri 33 | 2026 - AI Nusantara,Neutral - Discussion
4904,@ikawidayati25,keren,N8oBAN2__A0,ASN Belajar Seri 33 | 2026 - AI Nusantara,Neutral - Discussion
4913,@FransiscaBellaSaibulan-g5u,Threesje Loindong/Sekretariat DPRD Kota Manado/Hadir,N8oBAN2__A0,ASN Belajar Seri 33 | 2026 - AI Nusantara,Neutral - Discussion
4952,@RochahFaujiyah,hahir,N8oBAN2__A0,ASN Belajar Seri 33 | 2026 - AI Nusantara,Neutral - Discussion
5016,@PaNy-zi5mo,lop,N8oBAN2__A0,ASN Belajar Seri 33 | 2026 - AI Nusantara,Neutral - Discussion
5032,@lulukhida123,Kediri Kab,N8oBAN2__A0,ASN Belajar Seri 33 | 2026 - AI Nusantara,Neutral - Discussion
5040,@Plat_P,Supriyo Widhiarto RSD Kalisat Jember,N8oBAN2__A0,ASN Belajar Seri 33 | 2026 - AI Nusantara,Neutral - Discussion
5165,@suyantoyanto9934,jadir,N8oBAN2__A0,ASN Belajar Seri 33 | 2026 - AI Nusantara,Neutral - Discussion
5233,@bainahrohani,Bainah Rohani SD negeri 2 Baturetno Dampit Malang,N8oBAN2__A0,ASN Belajar Seri 33 | 2026 - AI Nusantara,Neutral - Discussion
5262,@mohadib1641,"dosen ai analis instrumentasi waktu itu adalah Bu Endang Budiasih, Bu Hayuni Retno widarti, Pak Sumari. Lalu ada Bu Irma Kartika,dan Bu Suryani Wongso Atmojo, ....",N8oBAN2__A0,ASN Belajar Seri 33 | 2026 - AI Nusantara,Neutral - Discussion
5327,@agungyudyana645,Bagaimana peran AI dlm mengeliminir praktek KKN didaerah Krn bnyk yg terjaring OTT . Dmna peran AI selama ini???,N8oBAN2__A0,ASN Belajar Seri 33 | 2026 - AI Nusantara,Neutral - Discussion
5338,@cakudinjombang7129,semangat,N8oBAN2__A0,ASN Belajar Seri 33 | 2026 - AI Nusantara,Neutral - Discussion
5364,@ajengrahmadani7395,semangat pagi,N8oBAN2__A0,ASN Belajar Seri 33 | 2026 - AI Nusantara,Neutral - Discussion
5567,@reddyhannes,betul prof....kalo pusat hanya bisa menyamakan aturan dari aceh sampai papua...tanpa mengingat keterbatasan wilayah yang ada.....sampai kapan bisa Indonesia Maju...,N8oBAN2__A0,ASN Belajar Seri 33 | 2026 - AI Nusantara,Neutral - Discussion
5624,@NyakHotimah,HOTIMAH_sd negeri jugosari 03,N8oBAN2__A0,ASN Belajar Seri 33 | 2026 - AI Nusantara,Neutral - Discussion
5635,@SULISTYANINGSIHSE,Terima kasih atas wawasannya,N8oBAN2__A0,ASN Belajar Seri 33 | 2026 - AI Nusantara,Neutral - Discussion
5641,@rianadhi_oke,Luar biasa Prof,N8oBAN2__A0,ASN Belajar Seri 33 | 2026 - AI Nusantara,Neutral - Discussion
5649,@merlykenzo9123,terima kasih Prof,N8oBAN2__A0,ASN Belajar Seri 33 | 2026 - AI Nusantara,Neutral - Discussion
5660,@mahayadidarmawandarmawan6281,Terimakasih Banyak Bapak Prof Dadan ,N8oBAN2__A0,ASN Belajar Seri 33 | 2026 - AI Nusantara,Neutral - Discussion
5686,@sutrisbe5328,trimakasi,N8oBAN2__A0,ASN Belajar Seri 33 | 2026 - AI Nusantara,Neutral - Discussion
5735,@agussetiyoso,agus setiyoso uppd kromengan Disperindag kab. Maiang,N8oBAN2__A0,ASN Belajar Seri 33 | 2026 - AI Nusantara,Neutral - Discussion
5741,@syahputrahasibuan9628,semagat,N8oBAN2__A0,ASN Belajar Seri 33 | 2026 - AI Nusantara,Neutral - Discussion
5779,@yonanwunandar7693,Terma kasih Prof dadan atas ilmunya,N8oBAN2__A0,ASN Belajar Seri 33 | 2026 - AI Nusantara,Neutral - Discussion
5800,@WayanArbadia,menyimka,N8oBAN2__A0,ASN Belajar Seri 33 | 2026 - AI Nusantara,Neutral - Discussion
5818,@RariNR,"ijin bertanya pak. mgkn agak melenceng, diluar topik bahasan, bgmn nasib &masa epan seorang ASN atau PNS yang tidak pernah diberikan kesempatan dan peluang untuk mengembangkan kopetensi-kemampuanny?",N8oBAN2__A0,ASN Belajar Seri 33 | 2026 - AI Nusantara,Neutral - Discussion
5824,@yonanwunandar7693,Saya siap mentyimak ilmu dari Pak Iza,N8oBAN2__A0,ASN Belajar Seri 33 | 2026 - AI Nusantara,Neutral - Discussion
5847,@mardanisyarif424,"Luas biasa pemaparannya, tetap semangat dan energik. Terima kasih ilmunya Prof. Dadan ",N8oBAN2__A0,ASN Belajar Seri 33 | 2026 - AI Nusantara,Neutral - Discussion
5931,@jumiati-dm4og,kok sulit absennya ya,N8oBAN2__A0,ASN Belajar Seri 33 | 2026 - AI Nusantara,Neutral - Discussion
5966,@tritustayani4420,bpkad.belitungbhadir,N8oBAN2__A0,ASN Belajar Seri 33 | 2026 - AI Nusantara,Neutral - Discussion
5971,@HadiWarsito-w1y,Sniper,N8oBAN2__A0,ASN Belajar Seri 33 | 2026 - AI Nusantara,Neutral - Discussion
6051,@laeliashari7987,"Laeli Ashari, BPBD Jember",N8oBAN2__A0,ASN Belajar Seri 33 | 2026 - AI Nusantara,Neutral - Discussion
6108,@nadyamaulananurfadila7753,hdir,N8oBAN2__A0,ASN Belajar Seri 33 | 2026 - AI Nusantara,Neutral - Discussion
6251,@yuliranu1552,Banhub SB,N8oBAN2__A0,ASN Belajar Seri 33 | 2026 - AI Nusantara,Neutral - Discussion
6315,@gaminggg-k7i,apakah AI mengancam peradaban bumi,N8oBAN2__A0,ASN Belajar Seri 33 | 2026 - AI Nusantara,Neutral - Discussion
6319,@asepsaja5265,ada link absent,N8oBAN2__A0,ASN Belajar Seri 33 | 2026 - AI Nusantara,Neutral - Discussion
6450,@bambangprayitno9402,Bambang Prayitno SDN KEBONSARI 04 JEMBER,N8oBAN2__A0,ASN Belajar Seri 33 | 2026 - AI Nusantara,Neutral - Discussion
6604,@TOP_HITZ_song,ok,N8oBAN2__A0,ASN Belajar Seri 33 | 2026 - AI Nusantara,Neutral - Discussion
6661,@UmarParki,Jember Kidule,N8oBAN2__A0,ASN Belajar Seri 33 | 2026 - AI Nusantara,Neutral - Discussion
6677,@UmarParki,Jember kidu lHadir,N8oBAN2__A0,ASN Belajar Seri 33 | 2026 - AI Nusantara,Neutral - Discussion
6718,@bellimaydo8243,Tertarik banget belajar AI sangat membantu dalam pekerjaan,N8oBAN2__A0,ASN Belajar Seri 33 | 2026 - AI Nusantara,Neutral - Discussion
6846,@bangvijaya2878,𝚑𝚊𝚍𝚒𝚛,N8oBAN2__A0,ASN Belajar Seri 33 | 2026 - AI Nusantara,Neutral - Discussion
6930,@inamulyanizakaria,sudah 10.36 kenapa belum mulai juga,N8oBAN2__A0,ASN Belajar Seri 33 | 2026 - AI Nusantara,Neutral - Discussion
7080,@laeliashari7987,BPBD Jember,N8oBAN2__A0,ASN Belajar Seri 33 | 2026 - AI Nusantara,Neutral - Discussion
7341,@noviharipurwanti3058,"Novi Haripurwanti A, SKM",N8oBAN2__A0,ASN Belajar Seri 33 | 2026 - AI Nusantara,Neutral - Discussion
7459,@pranoto369,materi menarik luurrr,N8oBAN2__A0,ASN Belajar Seri 33 | 2026 - AI Nusantara,Neutral - Discussion
7476,@pranoto369,belajar di era Gen Z,N8oBAN2__A0,ASN Belajar Seri 33 | 2026 - AI Nusantara,Neutral - Discussion
7565,@AnangPrasetyo-p2p,haderrr,N8oBAN2__A0,ASN Belajar Seri 33 | 2026 - AI Nusantara,Neutral - Discussion
7777,@HeriKiswanto-s9v,heri kiswanto fakultas ilmu budaya UNEJ,N8oBAN2__A0,ASN Belajar Seri 33 | 2026 - AI Nusantara,Neutral - Discussion
7816,@sitibai9808,Siti Baikunjati,N8oBAN2__A0,ASN Belajar Seri 33 | 2026 - AI Nusantara,Neutral - Discussion
7992,@giartiningsih,klo curhat ke AI mode psikolog bijak apa tidak?..seberapa aman data yg kita beri,N8oBAN2__A0,ASN Belajar Seri 33 | 2026 - AI Nusantara,Neutral - Discussion
8093,@john_suhendra,fokus ke materi AI,N8oBAN2__A0,ASN Belajar Seri 33 | 2026 - AI Nusantara,Neutral - Discussion
8132,@sukirmansos,melihat,N8oBAN2__A0,ASN Belajar Seri 33 | 2026 - AI Nusantara,Neutral - Discussion
8349,@eyangromo8293,masih terpantau,N8oBAN2__A0,ASN Belajar Seri 33 | 2026 - AI Nusantara,Neutral - Discussion
8523,@sazaliahmed,gk ada suara,N8oBAN2__A0,ASN Belajar Seri 33 | 2026 - AI Nusantara,Neutral - Discussion
8527,@RafaYigit,xŵhadir,N8oBAN2__A0,ASN Belajar Seri 33 | 2026 - AI Nusantara,Neutral - Discussion
8731,@JuHari-h2b,juhari dprkplh jmbr mengikuti,N8oBAN2__A0,ASN Belajar Seri 33 | 2026 - AI Nusantara,Neutral - Discussion
8819,@zusiirnaningsih604,zusi kec kesamben,N8oBAN2__A0,ASN Belajar Seri 33 | 2026 - AI Nusantara,Neutral - Discussion
8822,@JimmySenduk,Jimmy Senduk./ASN/kasie trantib pandu/Manado sulut,N8oBAN2__A0,ASN Belajar Seri 33 | 2026 - AI Nusantara,Neutral - Discussion
8930,@khaleedzaynmalik5581,DISKANLA Prov JAtim,N8oBAN2__A0,ASN Belajar Seri 33 | 2026 - AI Nusantara,Neutral - Discussion
9037,@soepianingsih,soepianingsihhadir,N8oBAN2__A0,ASN Belajar Seri 33 | 2026 - AI Nusantara,Neutral - Discussion
9587,@mahayadidarmawandarmawan6281,Terimakasih banyak Bapak Noor Riza ,N8oBAN2__A0,ASN Belajar Seri 33 | 2026 - AI Nusantara,Neutral - Discussion
9598,@regsanmobalen6016,Regsan kristian Mobalen KPU provinsi Papua Barfat Daya,N8oBAN2__A0,ASN Belajar Seri 33 | 2026 - AI Nusantara,Neutral - Discussion
9610,@detra7127,Trmks narsum n tim bpsdm jatim luar biasa,N8oBAN2__A0,ASN Belajar Seri 33 | 2026 - AI Nusantara,Neutral - Discussion
9658,@BektiSusanto-d5u,hadier,N8oBAN2__A0,ASN Belajar Seri 33 | 2026 - AI Nusantara,Neutral - Discussion
9702,@mardanisyarif424,"Mengutamakan etika dan keseimbanan, terima kasih pak Noor Iza atas pencerahannya",N8oBAN2__A0,ASN Belajar Seri 33 | 2026 - AI Nusantara,Neutral - Discussion
9779,@JuandriKaluara,"Yosef Juandri Kaluara, S.kom Bawaslu Kabupaten Bolaang Mongondow Selatan. HADIR",N8oBAN2__A0,ASN Belajar Seri 33 | 2026 - AI Nusantara,Neutral - Discussion
9945,@ISMAN-TO-79,TERIMAKASIH ATAS ILMU DAN PEMAHAMANNYA TENTANG AI,N8oBAN2__A0,ASN Belajar Seri 33 | 2026 - AI Nusantara,Neutral - Discussion
9983,@diklatbaru2163,"terimakasih banyak bpsdm jatim tv sehat sehat selalu, terrr the best",N8oBAN2__A0,ASN Belajar Seri 33 | 2026 - AI Nusantara,Neutral - Discussion
10079,@andriarfin409,siap,N8oBAN2__A0,ASN Belajar Seri 33 | 2026 - AI Nusantara,Neutral - Discussion
10150,@arieftop10,sangat bermanfaat,N8oBAN2__A0,ASN Belajar Seri 33 | 2026 - AI Nusantara,Neutral - Discussion
10332,@martha-zo7is,gak bisa untuk isi monev,N8oBAN2__A0,ASN Belajar Seri 33 | 2026 - AI Nusantara,Neutral - Discussion
10593,@EkoTeguhEktris86,@Eko Teguh Ria Susanto (Disperindag Prov Jatim),N8oBAN2__A0,ASN Belajar Seri 33 | 2026 - AI Nusantara,Neutral - Discussion
10763,@HaryadiHarun-sy5ck,alhamdulilah panitia dan nara sumber betmanfaat,N8oBAN2__A0,ASN Belajar Seri 33 | 2026 - AI Nusantara,Neutral - Discussion
10784,@syahputrahasibuan9628,lanjut,N8oBAN2__A0,ASN Belajar Seri 33 | 2026 - AI Nusantara,Neutral - Discussion
10801,@butetlubis71,Selamat siang,N8oBAN2__A0,ASN Belajar Seri 33 | 2026 - AI Nusantara,Neutral - Discussion
11220,@nazmimaulana4125,mantap,N8oBAN2__A0,ASN Belajar Seri 33 | 2026 - AI Nusantara,Neutral - Discussion
11233,@suprianto-eh6jz,Suprianto. SM. Kelurahan Cepokomulyo Kecanatan Kepanjen,N8oBAN2__A0,ASN Belajar Seri 33 | 2026 - AI Nusantara,Neutral - Discussion
11255,@Herman-i5,herman puskesmas sabbang selatan luwu utara,N8oBAN2__A0,ASN Belajar Seri 33 | 2026 - AI Nusantara,Neutral - Discussion
11287,@ajangkreasicintakoe3606,SDN 2 Ngadilangkung Kepanjen,N8oBAN2__A0,ASN Belajar Seri 33 | 2026 - AI Nusantara,Neutral - Discussion
11535,@HariYanto-mc7ut,materinya keren2x...,N8oBAN2__A0,ASN Belajar Seri 33 | 2026 - AI Nusantara,Neutral - Discussion
11556,@Herman-i5,semoga selalu belajar selalu mengingat kan pak,N8oBAN2__A0,ASN Belajar Seri 33 | 2026 - AI Nusantara,Neutral - Discussion
11677,@kurniadgngintang,"Kurniati, kec Laikang kabupaten Takalar sul sel",N8oBAN2__A0,ASN Belajar Seri 33 | 2026 - AI Nusantara,Neutral - Discussion
12020,@abcdefghkj5,zoom nya selesai jam brp ya,N8oBAN2__A0,ASN Belajar Seri 33 | 2026 - AI Nusantara,Neutral - Discussion
12197,@maimunahmunah5073,Link absensinya di share lagi dong,N8oBAN2__A0,ASN Belajar Seri 33 | 2026 - AI Nusantara,Neutral - Discussion
12263,@linahariani5710,tetap semangat dan semangat,N8oBAN2__A0,ASN Belajar Seri 33 | 2026 - AI Nusantara,Neutral - Discussion
12457,@ROFIQISNADI,Rofiq71 smekda hador,N8oBAN2__A0,ASN Belajar Seri 33 | 2026 - AI Nusantara,Neutral - Discussion
12653,@fadilhamzah3517,SMPN2 TEMPUREJO Fadilah Mursid,N8oBAN2__A0,ASN Belajar Seri 33 | 2026 - AI Nusantara,Neutral - Discussion
13516,@muhammadsyihabuddin4675,"jember hadir sampe selesai topik sgt menarik,mksh bnyk",N8oBAN2__A0,ASN Belajar Seri 33 | 2026 - AI Nusantara,Neutral - Discussion
13622,@SULISTYANINGSIHSE,Terima kasih,N8oBAN2__A0,ASN Belajar Seri 33 | 2026 - AI Nusantara,Neutral - Discussion
13629,@gunariwidiatmoko2174,terimakaaih ilmunya,N8oBAN2__A0,ASN Belajar Seri 33 | 2026 - AI Nusantara,Neutral - Discussion
13650,@hestytristianti-2726,terima kasih sangat bermanfaat,N8oBAN2__A0,ASN Belajar Seri 33 | 2026 - AI Nusantara,Neutral - Discussion
13651,@srisetiyani3256,terima kasih,N8oBAN2__A0,ASN Belajar Seri 33 | 2026 - AI Nusantara,Neutral - Discussion
13669,@muhammadrofii2287,TRIMAKASIH,N8oBAN2__A0,ASN Belajar Seri 33 | 2026 - AI Nusantara,Neutral - Discussion
13671,@titikwahyuniarma,Terima kasih sudah memberi pemahaman tentang AI,N8oBAN2__A0,ASN Belajar Seri 33 | 2026 - AI Nusantara,Neutral - Discussion
13694,@SULISTYANINGSIHSE,Apakah Monev acara ini sudah dibuka?,N8oBAN2__A0,ASN Belajar Seri 33 | 2026 - AI Nusantara,Neutral - Discussion
13705,@Rudidwi-l1z,terima kasih,N8oBAN2__A0,ASN Belajar Seri 33 | 2026 - AI Nusantara,Neutral - Discussion
